Year,Month,Credit REC TX CRS Solar Back Half 2034,Credit REC TX CRS Solar Front Half 2031,Credit REC TX CRS Solar Back Half 2030,Credit REC TX CRS Solar Back Half 2029,Credit REC TX CRS Solar Front Half 2026,Credit REC TX CRS Solar Back Half 2033,Credit REC TX CRS Solar Back Half 2025,Credit REC TX CRS Solar Front Half 2034,Credit REC TX CRS Solar Front Half 2025,Credit REC TX CRS Solar Back Half 2032,Credit REC TX CRS Solar Front Half 2028,Credit REC TX CRS Solar Front Half 2033,Credit REC TX CRS Solar Front Half 2030,Credit REC TX CRS Solar Back Half 2027,Credit REC TX CRS Solar Front Half 2029,Credit REC TX CRS Solar Back Half 2031,Credit REC TX CRS Solar Back Half 2028,Credit REC TX CRS Solar Front Half 2032,Credit REC TX CRS Solar Back Half 2026,Credit REC TX CRS Solar Front Half 2027
2017,1,2.35384591,2.715181505,2.882975744,2.724888271,2.81828053,2.476159979,2.734049635,2.332043131,2.449123334,2.604829916,2.77333605,2.453224251,2.856271836,2.896180975,2.688964077,2.740185992,2.812500269,2.580702366,2.957478975,2.824668302
2017,2,2.36399514,2.726888729,2.895406457,2.736637348,2.830432292,2.486836599,2.745838214,2.342098352,2.459683378,2.616061329,2.785294022,2.463801977,2.868587408,2.908668626,2.700558257,2.752001029,2.824627108,2.591829748,2.970230928,2.836847607
2017,3,2.373199795,2.737506377,2.906680261,2.747292955,2.841453107,2.496519559,2.756529646,2.351217747,2.469260612,2.62624745,2.796139082,2.473395248,2.879756787,2.919994068,2.711073383,2.762716457,2.835625319,2.601921519,2.981796074,2.8478934
2017,4,2.383432474,2.74930986,2.919213182,2.759138635,2.853704784,2.507283964,2.768415153,2.361355645,2.479907483,2.637571211,2.808195376,2.484059946,2.89217362,2.932584395,2.722762894,2.77462864,2.847851868,2.613140392,2.994652878,2.860172847
2017,5,2.393377073,2.760781042,2.931393266,2.770650826,2.865611541,2.51774532,2.779966049,2.371208131,2.490254614,2.648576176,2.81991225,2.494424402,2.904240884,2.944820269,2.734123311,2.786205461,2.859734205,2.624043422,3.007147725,2.872106591
2017,6,2.403696752,2.77268488,2.944032744,2.78259722,2.877967384,2.528601245,2.791952608,2.381432223,2.500992006,2.659996213,2.832071048,2.505179773,2.916763287,2.957517641,2.745912207,2.798218923,2.872064706,2.63535768,3.020113838,2.884490439
2017,7,2.413725902,2.784253591,2.956316384,2.794207289,2.889975374,2.539151545,2.803601712,2.391368477,2.511427109,2.671094744,2.843887541,2.51563235,2.928933149,2.969857545,2.757369212,2.809894172,2.884048068,2.646353408,3.032714918,2.896525646
2017,8,2.42413332,2.796258637,2.969063324,2.806255254,2.902436267,2.550099769,2.815690182,2.401679495,2.522255792,2.682611876,2.856149715,2.526479165,2.94156202,2.982662872,2.769258339,2.822009775,2.896483404,2.657763862,3.045791271,2.909014783
2017,9,2.434585613,2.808315446,2.981865227,2.818355166,2.91495089,2.561095199,2.827830776,2.412034972,2.533131165,2.694178667,2.868464761,2.537372748,2.954245343,2.995523412,2.78119873,2.834177617,2.908972359,2.669223514,3.058924006,2.92155777
2017,10,2.444743643,2.820032822,2.994306719,2.830114431,2.927113189,2.571781076,2.839629577,2.422098912,2.543700366,2.705419819,2.880433102,2.547959646,2.966571594,3.008021892,2.792802963,2.846002899,2.921109714,2.680360544,3.071687017,2.933747636
2017,11,2.455284802,2.83219214,3.007217465,2.842317219,2.939734213,2.582869991,2.851873391,2.432542433,2.554668203,2.717084953,2.892852852,2.558945849,2.979362753,3.020991774,2.804844873,2.858274194,2.933704852,2.691917628,3.084931409,2.946397265
2017,12,2.465529198,2.844009138,3.019764736,2.854176462,2.951999918,2.593646721,2.863772507,2.442691938,2.565327264,2.72842168,2.90492295,2.569622758,2.991793803,3.033596517,2.816547767,2.870200016,2.9459454,2.703149347,3.097802933,2.958690771
2018,1,2.476159979,2.856271836,3.032785251,2.866483,2.964728247,2.604829916,2.87612042,2.453224251,2.576388352,2.740185992,2.917448294,2.580702366,3.004693714,3.046676672,2.828692059,2.882575643,2.958647623,2.714804691,3.11115993,2.97144795
2018,2,2.486836599,2.868587408,3.045861907,2.8788426,2.977511457,2.616061329,2.888521575,2.463801977,2.587497132,2.752001029,2.930027645,2.591829748,3.017649247,3.059813225,2.840888713,2.895004631,2.971404616,2.72651029,3.12457452,2.984260134
2018,3,2.496519559,2.879756787,3.057721537,2.890051909,2.989104952,2.62624745,2.899768571,2.473395248,2.597572033,2.762716457,2.941436252,2.601921519,3.029399025,3.071727176,2.851950242,2.90627687,2.982974332,2.737126464,3.136740631,2.995879906
2018,4,2.507283964,2.89217362,3.070905713,2.902513133,3.001993269,2.637571211,2.91227169,2.484059946,2.608772153,2.77462864,2.954119033,2.613140392,3.042461081,3.084971741,2.86424718,2.918808052,2.995836215,2.74892831,3.150265519,3.008797435
2018,5,2.51774532,2.904240884,3.083718716,2.914623537,3.014518743,2.648576176,2.924422811,2.494424402,2.619656956,2.786205461,2.966444757,2.624043422,3.055155402,3.097843433,2.876197924,2.930986445,3.008336,2.760397899,3.163409642,3.021351299
2018,6,2.528601245,2.916763287,3.097014985,2.927190708,3.027516638,2.659996213,2.937032234,2.505179773,2.630952301,2.798218923,2.979235369,2.63535768,3.068328513,3.111200605,2.888599413,2.943624169,3.021307237,2.772300085,3.17704952,3.034378654
2018,7,2.539151545,2.928933149,3.109936927,2.939404077,3.040148606,2.671094744,2.949286666,2.51563235,2.641929649,2.809894172,2.991665888,2.646353408,3.081130763,3.124181734,2.900651764,2.955906105,3.033913296,2.783867191,3.190305396,3.047039253
2018,8,2.550099769,2.94156202,3.123346243,2.952078095,3.053257011,2.682611876,2.962003296,2.526479165,2.653321028,2.822009775,3.004565248,2.657763862,3.094415874,3.137652471,2.913158692,2.968651276,3.046994816,2.795870571,3.204061242,3.060177369
2018,9,2.561095199,2.954245343,3.136813377,2.964806761,3.066421937,2.694178667,2.974774757,2.537372748,2.664761523,2.834177617,3.017520226,2.669223514,3.107758267,3.15118129,2.925719546,2.981451402,3.060132741,2.807925707,3.2178764,3.073372134
2018,10,2.571781076,2.966571594,3.149901372,2.977177079,3.079216232,2.705419819,2.987186665,2.547959646,2.675879936,2.846002899,3.030110484,2.680360544,3.120725034,3.164329234,2.937926777,2.993891167,3.072900795,2.819641456,3.231302622,3.086195428
2018,11,2.582869991,2.979362753,3.163483006,2.990013966,3.092493088,2.717084953,3.000066711,2.558945849,2.687417701,2.858274194,3.043175608,2.691917628,3.134180866,3.177973077,2.950594426,3.006800121,3.08615042,2.831799087,3.245235238,3.099502376
2018,12,2.593646721,2.991793803,3.176682277,3.002489458,3.105396162,2.72842168,3.012584147,2.569622758,2.698630644,2.870200016,3.05587291,2.703149347,3.147257877,3.191232806,2.962905444,3.019345651,3.09902703,2.843614445,3.258775612,3.112434696
2019,1,2.604829916,3.004693714,3.190379384,3.015435486,3.118785899,2.740185992,3.0255737,2.580702366,2.710266505,2.882575643,3.069049115,2.714804691,3.160828113,3.204992651,2.975680795,3.032364359,3.112389306,2.855875441,3.272826685,3.125854782
2019,2,2.616061329,3.017649247,3.204135549,3.028437334,3.13223337,2.752001029,3.038619262,2.591829748,2.721952536,2.895004631,3.082282133,2.72651029,3.17445686,3.218811825,2.988511231,3.045439201,3.125809196,2.868189304,3.286938344,3.139332732
2019,3,2.62624745,3.029399025,3.216611446,3.040229118,3.144429303,2.762716457,3.050450691,2.601921519,2.732550964,2.90627687,3.094283571,2.737126464,3.186817198,3.231344868,3.000147555,3.057297185,3.137980115,2.879357132,3.299736649,3.151556308
2019,4,2.637571211,3.042461081,3.230480718,3.05333787,3.157987343,2.77462864,3.063603517,2.613140392,2.744333081,2.918808052,3.107625394,2.74892831,3.200558003,3.245277666,3.013083485,3.070479531,3.151510347,2.891772243,3.313964337,3.165145077
2019,5,2.648576176,3.055155402,3.24395953,3.066077574,3.171163684,2.786205461,3.076386053,2.624043422,2.755783497,2.930986445,3.120591606,2.760397899,3.213911966,3.258818217,3.025655231,3.083290756,3.164659664,2.903837832,3.327791475,3.178351283
2019,6,2.659996213,3.068328513,3.25794672,3.079297779,3.184836996,2.798218923,3.089650705,2.63535768,2.767665787,2.943624169,3.134046863,2.772300085,3.227769598,3.272869474,3.038701145,3.09658518,3.178304932,2.916358497,3.342140129,3.192055586
2019,7,2.671094744,3.081130763,3.27154013,3.092145797,3.198125364,2.809894172,3.10254192,2.646353408,2.779213557,2.955906105,3.147123315,2.783867191,3.241237098,3.286525148,3.051379778,3.109505328,3.191566046,2.92852667,3.356084827,3.205374073
2019,8,2.682611876,3.094415874,3.285646242,3.105478402,3.211914928,2.822009775,3.115919351,2.657763862,2.791196872,2.968651276,3.16069297,2.795870571,3.25521255,3.300695871,3.06453661,3.122912783,3.205327328,2.941153788,3.370555475,3.219194892
2019,9,2.694178667,3.107758267,3.299813175,3.118868494,3.225763949,2.834177617,3.129354462,2.669223514,2.803231856,2.981451402,3.174321135,2.807925707,3.26924826,3.314927695,3.077750171,3.136378048,3.219147945,2.953835351,3.385088517,3.233075303
2019,10,2.705419819,3.120725034,3.313581269,3.131881617,3.239223081,2.846002899,3.142411336,2.680360544,2.81492802,2.993891167,3.187565627,2.819641456,3.282888825,3.328758852,3.090591732,3.149464227,3.232579472,2.966159892,3.399212412,3.24656494
2019,11,2.717084953,3.134180866,3.327868651,3.145385553,3.253189849,2.858274194,3.155960674,2.691917628,2.827065328,3.006800121,3.20130966,2.831799087,3.297043869,3.343111677,3.103917636,3.163043976,3.246517594,2.978949275,3.413869016,3.260563364
2019,12,2.72842168,3.147257877,3.341753803,3.158509315,3.266763412,2.870200016,3.169128559,2.703149347,2.838860935,3.019345651,3.214666759,2.843614445,3.310800408,3.357060428,3.116868378,3.176241416,3.260063318,2.991378601,3.428112994,3.274167692
2020,1,2.740185992,3.160828113,3.356162659,3.172128064,3.280848927,2.882575643,3.182793096,2.714804691,2.851101435,3.032364359,3.228527645,2.855875441,3.3250758,3.371535283,3.130307581,3.189936621,3.274119944,3.004276721,3.442894211,3.288285133
2020,2,2.752001029,3.17445686,3.370633643,3.185805534,3.294995175,2.895004631,3.196516551,2.72651029,2.863394714,3.045439201,3.242448297,2.868189304,3.339412745,3.38607255,3.14380473,3.203690877,3.288237178,3.017230456,3.457739161,3.302463445
2020,3,2.763099921,3.187259527,3.384227497,3.198653971,3.308283977,2.906680261,3.209408186,2.737506377,2.874942859,3.057721537,3.255525176,2.879756787,3.352880684,3.399728669,3.156483777,3.216611446,3.301498725,3.029399025,3.471684313,3.315782366
2020,4,2.775013758,3.20100224,3.398819489,3.212445814,3.322548519,2.919213182,3.223246399,2.74930986,2.887338936,3.070905713,3.269562234,2.89217362,3.367337516,3.414387499,3.170093792,3.230480718,3.315734011,3.042461081,3.486653399,3.33007924
2020,5,2.786592186,3.214358056,3.413000675,3.225849377,3.336411473,2.931393266,3.236695026,2.760781042,2.899386028,3.083718716,3.283204109,2.904240884,3.381387347,3.428633641,3.183320646,3.24395953,3.329568532,3.055155402,3.501201062,3.343973615
2020,6,2.798607316,3.228217612,3.427716731,3.239758481,3.350797294,2.944032744,3.250650893,2.77268488,2.911887499,3.097014985,3.297360513,2.916763287,3.395967094,3.443417102,3.197046376,3.25794672,3.343924848,3.068328513,3.516297417,3.358392042
2020,7,2.810284185,3.241686981,3.442018487,3.253276003,3.364778113,2.956316384,3.264213863,2.784253591,2.924037017,3.109936927,3.311118373,2.928933149,3.410136379,3.457784367,3.210385687,3.27154013,3.357876992,3.081130763,3.530968766,3.372404549
2020,8,2.822401469,3.255664373,3.456859661,3.267303363,3.379286245,2.969063324,3.278288385,2.796258637,2.936644776,3.123346243,3.325395136,2.94156202,3.424840084,3.472693519,3.224228114,3.285646242,3.372355368,3.094415874,3.546193473,3.386945564
2020,9,2.834571,3.269702031,3.471764827,3.281391207,3.393856932,2.981865227,3.292423593,2.808315446,2.949306897,3.136813377,3.339733457,2.954245343,3.439607189,3.487666957,3.238130227,3.299813175,3.386896171,3.107758267,3.561483825,3.401549276
2020,10,2.846397924,3.283344489,3.486250369,3.295082437,3.408017412,2.994306719,3.306160854,2.820032822,2.961612543,3.149901372,3.353668114,2.966571594,3.453958557,3.502218849,3.251640956,3.313581269,3.401027608,3.120725034,3.576343709,3.415741852
2020,11,2.858670922,3.297501498,3.50128226,3.309290057,3.422711981,3.007217465,3.320416242,2.83219214,2.97438232,3.163483006,3.368128341,2.979362753,3.468851214,3.517319592,3.265661267,3.327868651,3.415692039,3.134180866,3.591764061,3.430469727
2020,12,2.8705984,3.311259947,3.51589096,3.323097691,3.436992856,3.019764736,3.334270299,2.844009138,2.98679259,3.176682277,3.382181472,2.991793803,3.483324599,3.531995206,3.279286865,3.341753803,3.429943624,3.147257877,3.606750287,3.44478297
2021,1,2.882975744,3.32553732,3.531050655,3.337426107,3.451812361,3.032785251,3.348646888,2.856271836,2.999670937,3.190379384,3.396764643,3.004693714,3.498343875,3.547224338,3.293426378,3.356162659,3.444732733,3.160828113,3.622301745,3.459636064
2021,2,2.895406457,3.339876255,3.546275714,3.351816303,3.466695763,3.045861907,3.363085466,2.868587408,3.012604812,3.204135549,3.411410692,3.017649247,3.513427911,3.562519135,3.307626858,3.370633643,3.45958561,3.17445686,3.637920258,3.474553201
2021,3,2.906680261,3.352880684,3.560083798,3.364867223,3.480193988,3.057721537,3.376180264,2.879756787,3.024334949,3.216611446,3.424693654,3.029399025,3.527108095,3.576390466,3.320505718,3.383757832,3.47305615,3.186817198,3.652085177,3.488082019
2021,4,2.919213182,3.367337516,3.575434042,3.379375738,3.495199765,3.070905713,3.390737559,2.89217362,3.03737517,3.230480718,3.439460127,3.042461081,3.542316155,3.59181102,3.334822957,3.398347799,3.488031151,3.200558003,3.667832109,3.503121808
2021,5,2.931393266,3.381387347,3.590352132,3.393475797,3.509783087,3.083718716,3.404885024,2.904240884,3.050048271,3.24395953,3.453810882,3.055155402,3.557096065,3.606797441,3.348737125,3.412527017,3.502584562,3.213911966,3.683135719,3.517738184
2021,6,2.944032744,3.395967094,3.605832885,3.408107667,3.524916446,3.097014985,3.419566087,2.916763287,3.063199361,3.25794672,3.468702902,3.068328513,3.572433426,3.622349103,3.363176092,3.427241031,3.517686883,3.227769598,3.699016534,3.532905843
2021,7,2.956316384,3.410136379,3.620877811,3.422327607,3.539623757,3.109936927,3.433833836,2.928933149,3.075980211,3.27154013,3.483175668,3.081130763,3.587338996,3.637462941,3.37720856,3.441540802,3.53236403,3.241237098,3.714450258,3.547646489
2021,8,2.969063324,3.424840084,3.636490184,3.437083878,3.554885782,3.123346243,3.448639719,2.94156202,3.089243113,3.285646242,3.498194302,3.094415874,3.602806758,3.653146825,3.391770288,3.456379916,3.547594752,3.25521255,3.730466093,3.562943106
2021,9,2.981865227,3.439607189,3.652169874,3.451903775,3.570213613,3.136813377,3.463509442,2.954245343,3.102563203,3.299813175,3.513277693,3.107758267,3.618341213,3.668898334,3.406394804,3.471283013,3.562891146,3.26924826,3.746550985,3.578305678
2021,10,2.994306719,3.453958557,3.667408136,3.466306449,3.585109921,3.149901372,3.47796054,2.966571594,3.115508293,3.313581269,3.527936443,3.120725034,3.633438328,3.684206394,3.420607597,3.485766545,3.577756902,3.282888825,3.762183041,3.59323575
2021,11,3.007217465,3.468851214,3.683221137,3.481252347,3.600568071,3.163483006,3.492956687,2.979362753,3.128941632,3.327868651,3.543148074,3.134180866,3.649104859,3.700091825,3.435356452,3.50079635,3.593183348,3.297043869,3.778404689,3.608728937
2021,12,3.019764736,3.483324599,3.698588956,3.495777474,3.61559103,3.176682277,3.50753065,2.991793803,3.141996783,3.341753803,3.557931455,3.147257877,3.664330333,3.715530035,3.449690084,3.515403023,3.608175495,3.310800408,3.794169651,3.623785946
2022,1,3.032785251,3.498343875,3.714536401,3.510850444,3.631180608,3.190379384,3.522654297,3.004693714,3.155544334,3.356162659,3.573272418,3.160828113,3.680130063,3.731550526,3.464564336,3.530560614,3.623733099,3.3250758,3.810529218,3.639410858
2022,2,3.045861907,3.513427911,3.730552608,3.525988405,3.646837404,3.204135549,3.537843153,3.017649247,3.169150299,3.370633643,3.588679528,3.17445686,3.695997918,3.747640094,3.479502722,3.54578356,3.639357783,3.339412745,3.826959323,3.655103142
2022,3,3.057721537,3.527108095,3.745078208,3.539717497,3.661037044,3.216611446,3.551618403,3.029399025,3.181489975,3.383757832,3.602652719,3.186817198,3.710388973,3.762232227,3.493050813,3.559589728,3.653528299,3.352415369,3.841860301,3.669334965
2022,4,3.070905713,3.542316155,3.761226104,3.554979925,3.676822574,3.230480718,3.566932146,3.042461081,3.195207811,3.398347799,3.61818651,3.200558003,3.726387297,3.778454087,3.508112026,3.574937841,3.669281454,3.366870195,3.858425498,3.685156274
2022,5,3.083718716,3.557096065,3.77691939,3.569812673,3.692163696,3.24395953,3.581814763,3.055155402,3.20853945,3.412527017,3.633282979,3.213911966,3.741935222,3.794219255,3.522749223,3.589853861,3.684591111,3.380918077,3.874524338,3.700532168
2022,6,3.097014985,3.572433426,3.793204578,3.585204865,3.708083437,3.25794672,3.597258705,3.068328513,3.222373918,3.427241031,3.648948841,3.227769598,3.758069566,3.810579036,3.537938488,3.605332466,3.700478201,3.3954958,3.891230375,3.716487992
2022,7,3.109936927,3.587338996,3.809031291,3.600163723,3.723554992,3.27154013,3.612267856,3.081130763,3.235818905,3.441540802,3.664173663,3.241237098,3.773749682,3.826478242,3.552700133,3.620375304,3.715918024,3.409663118,3.907466089,3.731994613
2022,8,3.123346243,3.602806758,3.825454937,3.615686782,3.739610085,3.285646242,3.627843105,3.094415874,3.249770994,3.456379916,3.679972718,3.25521255,3.790021203,3.842977116,3.56801854,3.63598551,3.731940188,3.424364783,3.924314163,3.748086096
2022,9,3.136813377,3.618341213,3.841949399,3.631276772,3.755734403,3.299813175,3.643485511,3.107758267,3.263783242,3.471283013,3.695839894,3.26924826,3.806362882,3.859547129,3.583402996,3.651663024,3.748031436,3.439129838,3.941234883,3.764246961
2022,10,3.149901372,3.633438328,3.857979494,3.64642786,3.771404776,3.313581269,3.658687538,3.120725034,3.277401005,3.485766545,3.711260364,3.282888825,3.822244497,3.875650648,3.598354336,3.666899171,3.763669669,3.453479215,3.957679235,3.779952851
2022,11,3.163483006,3.649104859,3.874614194,3.662150399,3.787666186,3.327868651,3.674462938,3.134180866,3.291532387,3.50079635,3.727262445,3.297043869,3.838725115,3.892361542,3.613869593,3.682709977,3.779897727,3.468369804,3.974743817,3.796251119
2022,12,3.176682277,3.664330333,3.890780579,3.677430303,3.803469791,3.341753803,3.689794215,3.147257877,3.30526593,3.515403023,3.742814022,3.310800408,3.854741757,3.908601976,3.628948051,3.698075664,3.795668918,3.482841181,3.991327981,3.812090543
2023,1,3.190379384,3.680130063,3.907556709,3.693286517,3.819869457,3.356162659,3.705703739,3.160828113,3.319517459,3.530560614,3.758952155,3.3250758,3.871362497,3.925454948,3.644595221,3.714020896,3.812034949,3.497858373,4.008537648,3.82852738
2023,2,3.204135549,3.695997918,3.924405174,3.7092111,3.836339836,3.370633643,3.721681862,3.17445686,3.333830437,3.54578356,3.775159872,3.339412745,3.888054901,3.942380586,3.660309858,3.73003488,3.828471547,3.512940315,4.025821519,3.845035089
2023,3,3.216611446,3.710388973,3.939685575,3.723653602,3.851277338,3.383757832,3.736172922,3.186817198,3.346811325,3.559589728,3.789859159,3.352415369,3.903193766,3.957730977,3.674561955,3.744558464,3.843378413,3.526618601,4.041496804,3.860006448
2023,4,3.230480718,3.726387297,3.956672572,3.739709121,3.86788314,3.398347799,3.75228242,3.200558003,3.361241988,3.574937841,3.80620014,3.366870195,3.920023419,3.974795782,3.690405801,3.760704119,3.859950156,3.541824551,4.058922787,3.876649888
2023,5,3.24395953,3.741935222,3.973181337,3.75531263,3.88402144,3.412527017,3.76793839,3.213911966,3.375266386,3.589853861,3.822081075,3.380918077,3.936379268,3.991380163,3.705803598,3.776395227,3.876055357,3.556602409,4.075858179,3.892824767
2023,6,3.25794672,3.758069566,3.99031276,3.771504654,3.900768427,3.427241031,3.784184854,3.227769598,3.389819741,3.605332466,3.83856099,3.3954958,3.95335201,4.008590055,3.721782151,3.792678155,3.892767996,3.571937642,4.09343232,3.909609711
2023,7,3.27154013,3.773749682,4.006961884,3.787240826,3.917043937,3.441540802,3.799973933,3.241237098,3.403963376,3.620375304,3.854576947,3.409663118,3.969846919,4.025315439,3.737310862,3.808502671,3.909010125,3.586841144,4.110511699,3.925922111
2023,8,3.285646242,3.790021203,4.024238961,3.803570518,3.933933309,3.456379916,3.816358526,3.25521255,3.418640466,3.63598551,3.871196975,3.424364783,3.986963965,4.042671652,3.753425267,3.824924039,3.925864857,3.602306759,4.128235258,3.942849763
2023,9,3.299813175,3.806362882,4.041590532,3.819970619,3.950895504,3.471283013,3.832813766,3.26924826,3.433380839,3.651663024,3.887888666,3.439129838,4.004154815,4.060102701,3.769609153,3.841416211,3.942792263,3.617839058,4.146035237,3.959850404
2023,10,3.313581269,3.822244497,4.058453607,3.83590901,3.967380164,3.485766545,3.848805744,3.282888825,3.447706228,3.666899171,3.904110437,3.453479215,4.020861694,4.077043016,3.785337417,3.857444081,3.959243113,3.632934078,4.163334095,3.976372427
2023,11,3.327868651,3.838725115,4.075952704,3.852448547,3.984486573,3.50079635,3.865400888,3.297043869,3.462571926,3.682709977,3.920944043,3.468369804,4.038198703,4.094622266,3.801658901,3.874076473,3.976314438,3.648598435,4.181285412,3.993517609
2023,12,3.341753803,3.854741757,4.092959151,3.868522448,4.001111388,3.515403023,3.881528832,3.310800408,3.477019112,3.698075664,3.937303734,3.482841181,4.055047626,4.11170661,3.817520889,3.890240614,3.992905155,3.663821795,4.198731348,4.010180105
2024,1,3.356162659,3.871362497,4.110607028,3.885202607,4.018363239,3.530560614,3.898265071,3.3250758,3.4920112,3.714020896,3.954280461,3.497858373,4.072532037,4.129435321,3.83398114,3.907014416,4.010121623,3.679619332,4.216835289,4.027471058
2024,2,3.370633643,3.888054901,4.128330998,3.901954686,4.035689476,3.54578356,3.915073473,3.339412745,3.507067931,3.73003488,3.971330388,3.512940315,4.090091837,4.147240474,3.850512365,3.923860543,4.027412324,3.695484985,4.235017291,4.044836566
2024,3,3.384227497,3.903735528,4.144980665,3.917691371,4.051965517,3.560083798,3.930863066,3.352880684,3.521212027,3.745078208,3.987346867,3.527108095,4.106587285,4.163966404,3.866041582,3.939685575,4.043654983,3.710388973,4.252097226,4.061149497
2024,4,3.398819489,3.920567517,4.162852846,3.934583535,4.069436639,3.575434042,3.947812023,3.367337516,3.536394665,3.761226104,4.004539369,3.542316155,4.124293923,4.181920447,3.882711044,3.956672572,4.061090272,3.726387297,4.270431269,4.078660218
2024,5,3.413000675,3.936925637,4.180221874,3.951000135,4.086415899,3.590352132,3.964283818,3.381387347,3.551149868,3.77691939,4.021247852,3.557096065,4.141502068,4.199369032,3.898911212,3.973181337,4.078034707,3.741935222,4.288249156,4.095677962
2024,6,3.427716731,3.953900734,4.198246007,3.968035918,4.104035562,3.605832885,3.981376877,3.395967094,3.56646159,3.793204578,4.038586526,3.572433426,4.15935925,4.217475724,3.915722399,3.99031276,4.095618233,3.758069566,4.306739077,4.113337562
2024,7,3.442018487,3.970397933,4.215762709,3.984592094,4.121159182,3.620877811,3.997988717,3.410136379,3.581342244,3.809031291,4.055437067,3.587338996,4.176713702,4.235072659,3.932060304,4.006961884,4.112706732,3.773749682,4.324708454,4.130499993
2024,8,3.456859661,3.987517355,4.233940086,4.001772718,4.138928651,3.636490184,4.015227103,3.424840084,3.596784149,3.825454937,4.072923157,3.602806758,4.194722708,4.253333296,3.949014423,4.024238961,4.130439756,3.790021203,4.343355579,4.148309737
2024,9,3.471764827,4.004710591,4.252195839,4.01902742,4.156774737,3.652169874,4.032539818,3.439607189,3.612292636,3.841949399,4.090484644,3.618341213,4.212809366,4.271672668,3.966041644,4.041590532,4.14824924,3.806362882,4.362083106,4.166196272
2024,10,3.486250369,4.021419789,4.26993764,4.035796353,4.174118405,3.667408136,4.04936513,3.453958557,3.627364514,3.857979494,4.107551724,3.633438328,4.230386831,4.289495734,3.982589499,4.058453607,4.165557336,3.822244497,4.3802834,4.18357925
2024,11,3.50128226,4.038759205,4.288348607,4.053197757,4.192116221,3.683221137,4.066825039,3.468851214,3.643004856,3.874614194,4.12526252,3.649104859,4.248627264,4.307991031,3.999761488,4.075952704,4.183518239,3.838725115,4.399170151,4.20161786
2024,12,3.51589096,4.055610466,4.306241251,4.070109262,4.209607347,3.698588956,4.083793402,3.483324599,3.658204878,3.890780579,4.142474707,3.664330333,4.266354176,4.325965631,4.016450036,4.092959151,4.200973491,3.854741757,4.417525186,4.21914863
2025,1,3.531050655,4.073097304,4.32480875,4.087658615,4.227758183,3.714536401,4.101401758,3.498343875,3.673978197,3.907556709,4.160336083,3.680130063,4.284749691,4.344618177,4.033768023,4.110607028,4.2190871,3.871362497,4.436572515,4.237340606
2025,2,3.546275714,4.090659541,4.343456308,4.105283637,4.245987282,3.730552608,4.119086038,3.513427911,3.689819526,3.924405174,4.178274473,3.695997918,4.303224523,4.363351148,4.051160682,4.128330998,4.237278811,3.888054901,4.455701972,4.255611022
2025,3,3.560083798,4.106587285,4.360368363,4.121268322,4.262519823,3.745078208,4.135124465,3.527108095,3.704186524,3.939685575,4.194543361,3.710388973,4.319979928,4.380340667,4.066934629,4.144405422,4.253777444,3.903193766,4.473051076,4.272181035
2025,4,3.575434042,4.124293923,4.379169245,4.139038262,4.280898805,3.761226104,4.152954148,3.542316155,3.720158105,3.956672572,4.212629245,3.726387297,4.338606665,4.399227665,4.084470294,4.162275123,4.272118731,3.920023419,4.492337819,4.290601674
2025,5,3.590352132,4.141502068,4.397440828,4.156307926,4.298760366,3.77691939,4.170281875,3.557096065,3.73568004,3.973181337,4.23020596,3.741935222,4.356709006,4.41758294,4.10151228,4.17964174,4.289943659,3.936379268,4.511081586,4.308503719
2025,6,3.605832885,4.15935925,4.416401558,4.174228948,4.317295609,3.793204578,4.188263149,3.572433426,3.751787413,3.99031276,4.248445612,3.758069566,4.37549411,4.436630518,4.119197036,4.197663372,4.308440886,3.95335201,4.530532308,4.327080973
2025,7,3.620877811,4.176713702,4.434828489,4.191645441,4.335309032,3.809031291,4.205738199,3.587338996,3.767441317,4.006961884,4.266171766,3.773749682,4.393750359,4.455141852,4.136383915,4.215177643,4.326417364,3.969846919,4.549435436,4.345135224
2025,8,3.636490184,4.194722708,4.453950426,4.20971883,4.354001865,3.825454937,4.223872352,3.602806758,3.783685638,4.024238961,4.284566495,3.790021203,4.412695177,4.474351376,4.154219029,4.233352497,4.345071857,3.986963965,4.569051532,4.363870425
2025,9,3.652169874,4.212809366,4.473154812,4.227870147,4.372775296,3.841949399,4.242084696,3.618341213,3.8,4.041590532,4.303040538,3.806362882,4.43172168,4.493643726,4.172131044,4.251605717,4.363806785,4.004154815,4.588752207,4.382686407
2025,10,3.667408136,4.230386831,4.49181854,4.245510452,4.391020201,3.857979494,4.25978431,3.633438328,3.815855066,4.058453607,4.320994483,3.822244497,4.450212532,4.512392941,4.189538784,4.269345056,4.38201427,4.020861694,4.607898251,4.400972666
2025,11,3.683221137,4.248627264,4.511186204,4.263816094,4.409953247,3.874614194,4.278151497,3.649104859,3.832308135,4.075952704,4.339625594,3.838725115,4.469400802,4.531849318,4.207603089,4.287753467,4.400908484,4.038198703,4.627766424,4.419948624
2025,12,3.698588956,4.266354176,4.530008613,4.28160638,4.428353273,3.890780579,4.296001596,3.664330333,3.848298003,4.092959151,4.357732186,3.854741757,4.488048866,4.550757941,4.225158833,4.305643629,4.419270772,4.055047626,4.647075251,4.438390355
2026,1,3.714536401,4.284749691,4.549540945,4.300067659,4.447447291,3.907556709,4.314524944,3.680130063,3.864890958,4.110607028,4.376521702,3.871362497,4.507400277,4.570379738,4.243376723,4.324208551,4.438325628,4.072532037,4.667112346,4.45752765
2026,2,3.730552608,4.303224523,4.569157495,4.318608539,4.466623637,3.924405174,4.33312816,3.695997918,3.881555459,4.128330998,4.395392234,3.888054901,4.526835126,4.59008614,4.261673165,4.342853521,4.457462644,4.090091837,4.687235836,4.47674746
2026,3,3.745078208,4.319979928,4.586948359,4.335423844,4.484015266,3.939685575,4.35,3.710388973,3.896669016,4.144405422,4.41250651,3.903193766,4.5444612,4.607958494,4.278266782,4.359763228,4.474818603,4.10601737,4.70548646,4.494178509
2026,4,3.761226104,4.338606665,4.606726201,4.354117171,4.503349285,3.956672572,4.368756176,3.726387297,3.913470536,4.162275123,4.4315322,3.920023419,4.564055847,4.627826927,4.296713662,4.378561501,4.494112968,4.123721551,4.72577541,4.513556349
2026,5,3.77691939,4.356709006,4.62594724,4.372284228,4.522138995,3.973181337,4.386984312,3.741935222,3.929799045,4.17964174,4.450022262,3.936379268,4.583098849,4.647136006,4.314641208,4.396830549,4.512864141,4.140927308,4.745493168,4.532388647
2026,6,3.793204578,4.37549411,4.645893236,4.391136489,4.541637395,3.99031276,4.405899957,3.758069566,3.946743414,4.197663372,4.469209711,3.95335201,4.602860093,4.667173363,4.333244926,4.415788648,4.532322549,4.158782012,4.765954618,4.55193124
2026,7,3.809031291,4.393750359,4.665277694,4.409458004,4.560586858,4.006961884,4.424283071,3.773749682,3.96321075,4.215177643,4.487856978,3.969846919,4.622065001,4.686646611,4.351324895,4.434213021,4.551233147,4.176134055,4.785840019,4.570923653
2026,8,3.825454937,4.412695177,4.685393274,4.428470549,4.580251035,4.024238961,4.443359538,3.790021203,3.980299182,4.233352497,4.507207561,3.986963965,4.641994257,4.706854328,4.370086784,4.453332305,4.570856994,4.194140562,4.806475435,4.590632401
2026,9,3.841949399,4.43172168,4.705595587,4.447565072,4.6,4.041590532,4.462518259,3.806362882,3.997461295,4.251605717,4.52664158,4.004154815,4.662009444,4.727149176,4.38892957,4.472534026,4.590565453,4.21222471,4.827199826,4.610426127
2026,10,3.857979494,4.450212532,4.725229147,4.466122029,4.619192974,4.058453607,4.481137607,3.822244497,4.014140246,4.269345056,4.545528474,4.020861694,4.681461146,4.746872666,4.407241878,4.491195163,4.609719063,4.229799736,4.847340766,4.629662604
2026,11,3.874614194,4.469400802,4.745603223,4.485378897,4.639109848,4.075952704,4.500459218,3.838725115,4.031448274,4.287753467,4.565127724,4.038198703,4.701646505,4.767340064,4.426244867,4.51056014,4.629595087,4.248037637,4.868241359,4.649624619
2026,12,3.890780579,4.488048866,4.765403711,4.504093628,4.658466003,4.092959151,4.519236869,3.854741757,4.048269032,4.305643629,4.584175197,4.055047626,4.721263588,4.787231246,4.444712869,4.529379936,4.648911544,4.265762089,4.88855354,4.669024647
2027,1,3.907556709,4.507400277,4.78595101,4.52351422,4.678552213,4.110607028,4.538722755,3.871362497,4.065724215,4.324208551,4.603941082,4.072532037,4.741620565,4.807872661,4.463877425,4.548909557,4.668956556,4.284155051,4.909631832,4.689156383
2027,2,3.924405174,4.526835126,4.806586905,4.543018548,4.698725029,4.128330998,4.55829266,3.888054901,4.083254661,4.342853521,4.623792193,4.090091837,4.762065318,4.828603076,4.483124614,4.568523384,4.689087998,4.30262732,4.93080101,4.709374922
2027,3,3.939685575,4.5444612,4.825302244,4.560707636,4.717020388,4.144405422,4.57604122,3.903193766,4.099153572,4.359763228,4.641795787,4.10601737,4.780607304,4.84740414,4.500580493,4.58631178,4.707345834,4.319380399,4.95,4.727711748
2027,4,3.956672572,4.564055847,4.846107812,4.580372334,4.73735907,4.162275123,4.595772033,3.920023419,4.116828158,4.378561501,4.661810118,4.123721551,4.801220158,4.868305006,4.519985937,4.606086877,4.727642802,4.338004551,4.971343235,4.748096529
2027,5,3.973181337,4.583098849,4.866327643,4.599483414,4.75712516,4.17964174,4.614947367,3.936379268,4.134005153,4.396830549,4.681260989,4.140927308,4.821252701,4.888617452,4.538845062,4.625305248,4.747368351,4.356104379,4.992085597,4.767907419
2027,6,3.99031276,4.602860093,4.887310103,4.619315304,4.777636764,4.197663372,4.634845934,3.95335201,4.151830011,4.415788648,4.701445484,4.158782012,4.842040808,4.909696021,4.558415494,4.645248476,4.767837887,4.374886876,5.013610295,4.788465514
2027,7,4.006961884,4.622065001,4.907701846,4.63858887,4.797570908,4.215177643,4.654184299,3.969846919,4.169153047,4.434213021,4.721061729,4.176134055,4.86224367,4.930181166,4.577434961,4.664630244,4.787731145,4.393140592,5.034529012,4.808444839
2027,8,4.024238961,4.641994257,4.928862702,4.658589373,4.818256905,4.233352497,4.674252046,3.986963965,4.187129454,4.453332305,4.741417836,4.194140562,4.88320852,4.951438947,4.597171784,4.684743032,4.808374715,4.41208278,5.056236716,4.829177722
2027,9,4.041590532,4.662009444,4.950114798,4.678676115,4.839032095,4.251605717,4.694406321,4.004154815,4.205183371,4.472534026,4.761861714,4.21222471,4.904263766,4.972788387,4.616993707,4.704942542,4.829107296,4.431106643,5.078038019,4.85
2027,10,4.058453607,4.681461146,4.970768586,4.698197356,4.859222403,4.269345056,4.713993195,4.020861694,4.222729018,4.491195163,4.781730038,4.229799736,4.924726247,4.993536778,4.636257586,4.724573377,4.849256194,4.449594929,5.099225552,4.870236071
2027,11,4.075952704,4.701646505,4.992201371,4.718454878,4.880174227,4.287753467,4.734318825,4.038198703,4.240936432,4.51056014,4.802347733,4.248037637,4.945960508,5.015067734,4.656248037,4.744944626,4.870165046,4.468780536,5.121212213,4.891235383
2027,12,4.092959151,4.721263588,5.013030761,4.738142092,4.900536196,4.305643629,4.754072229,4.055047626,4.258631255,4.529379936,4.82238498,4.265762089,4.966596963,5.035992531,4.6756757,4.764742365,4.890485253,4.487426012,5.142579886,4.911643504
2028,1,4.110607028,4.741620565,5.03464577,4.758571845,4.921666155,4.324208551,4.77457067,4.072532037,4.276993471,4.548909557,4.843177969,4.284155051,4.98801176,5.057706546,4.695836114,4.785286813,4.911571875,4.506774737,5.16475348,4.932821355
2028,2,4.128330998,4.762065318,5.056353978,4.779089687,4.942887221,4.342853521,4.795157495,4.090091837,4.29543486,4.568523384,4.864060613,4.30262732,5.009518893,5.079514186,4.716083454,4.805919844,4.932749417,4.526206889,5.187022682,4.95409052
2028,3,4.144980665,4.781270852,5.076746386,4.798363881,4.962822015,4.360368363,4.814496491,4.106587285,4.312758461,4.586948359,4.883677497,4.319979928,5.029722414,5.1,4.735103542,4.825302244,4.952643324,4.5444612,5.20794208,4.974070496
2028,4,4.162852846,4.801886566,5.098636121,4.819053297,4.984220536,4.379169245,4.835255467,4.124293923,4.331354061,4.606726201,4.904734765,4.338606665,5.051409393,5.12199,4.755520194,4.846107812,4.973997957,4.564055847,5.230397501,4.995517518
2028,5,4.180221874,4.82192189,5.119909598,4.839160246,5.005016626,4.397440828,4.855430018,4.141502068,4.349426141,4.62594724,4.92519921,4.356709006,5.072485822,5.143360918,4.775362059,4.866327643,4.994751395,4.583098849,5.252220737,5.016360744
2028,6,4.198246007,4.842712882,5.141985444,4.860025567,5.02659708,4.416401558,4.87636549,4.15935925,4.368179843,4.645893236,4.94643551,4.37549411,5.094357187,5.16553788,4.795952297,4.887310103,5.016287588,4.602860093,5.274867077,5.037990111
2028,7,4.215762709,4.862918548,5.16343979,4.880303468,5.047569982,4.434828489,4.896711567,4.176713702,4.386405574,4.665277694,4.967073947,4.393750359,5.115612811,5.187090497,4.81596286,4.907701846,5.037217475,4.622065001,5.296875857,5.059010549
2028,8,4.233940086,4.883886309,5.185703328,4.901346188,5.069333916,4.453950426,4.917825036,4.194722708,4.405318723,4.685393274,4.988490801,4.412695177,5.137670129,5.20945601,4.836728158,4.928862702,5.058936771,4.641994257,5.31971474,5.080823812
2028,9,4.252195839,4.904944477,5.20806286,4.92247964,5.091191691,4.473154812,4.93902954,4.212809366,4.424313421,4.705595587,5.01,4.43172168,5.159822554,5.231917959,4.857582992,4.950114798,5.080749716,4.662009444,5.342652098,5.102731129
2028,10,4.26993764,4.925409798,5.229792907,4.943018124,5.112434107,4.49181854,4.959637076,4.230386831,4.442773363,4.725229147,5.030903653,4.450212532,5.181351324,5.253747539,4.877850702,4.970768586,5.101948564,4.681461146,5.364943703,5.124021692
2028,11,4.288348607,4.946647006,5.252342544,4.964331255,5.13447772,4.511186204,4.981021864,4.248627264,4.461929556,4.745603223,5.052595725,4.469400802,5.203692092,5.276400462,4.898882846,4.992201371,5.123946966,4.701646505,5.388076078,5.146115268
2028,12,4.306241251,4.967286325,5.274257343,4.98504436,5.155900742,4.530008613,5.001804609,4.266354176,4.480546447,4.765403711,5.073677104,4.488048866,5.225403902,5.29841564,4.919322875,5.013030761,5.145326049,4.721263588,5.41055721,5.167586846
2029,1,4.32480875,4.988704095,5.2969987,5.006538698,5.178131772,4.549540945,5.023371214,4.284749691,4.499865509,4.78595101,5.095553606,4.507400277,5.247934615,5.321261162,4.940533838,5.03464577,5.167511484,4.741620565,5.433886259,5.189868264
2029,2,4.343456308,5.010214213,5.319838112,5.028125715,5.200458658,4.569157495,5.045030808,4.303224523,4.519267871,4.806586905,5.117524434,4.526835126,5.270562474,5.344205188,4.961836258,5.056353978,5.189792578,4.762065318,5.457315898,5.212245755
2029,3,4.360368363,5.029722414,5.34055189,5.047703657,5.220707611,4.586948359,5.064674574,4.319979928,4.53686448,4.825302244,5.137450466,4.5444612,5.291084389,5.365013844,4.981156089,5.076041832,5.21,4.780607304,5.478564972,5.232540603
2029,4,4.379169245,5.051409393,5.363579093,5.069468167,5.243218074,4.606726201,5.086512259,4.338606665,4.556426372,4.846107812,5.159601944,4.564055847,5.313898299,5.388146521,5.002633662,5.09792853,5.232464294,4.801220158,5.502187255,5.255102086
2029,5,4.397440828,5.072485822,5.385958014,5.090619944,5.265094802,4.62594724,5.10773515,4.356709006,4.575437541,4.866327643,5.181129794,4.583098849,5.336069933,5.410627947,5.02350658,5.119199054,5.254296154,4.821252701,5.525144503,5.2770284
2029,6,4.416401558,5.094357187,5.409180998,5.1125695,5.287796652,4.645893236,5.129758502,4.37549411,4.595165751,4.887310103,5.203469606,4.602860093,5.359077811,5.433957302,5.045166758,5.141271836,5.276951442,4.842040808,5.548967626,5.299781704
2029,7,4.434828489,5.115612811,5.431750188,5.133901112,5.309859379,4.665277694,5.151161833,4.393750359,4.614338555,4.907701846,5.225180489,4.622065001,5.381437951,5.456629868,5.06621714,5.162723205,5.298968919,4.86224367,5.57212006,5.321894438
2029,8,4.453950426,5.137670129,5.455170616,5.156037285,5.332754243,4.685393274,5.173372431,4.412695177,4.634234497,4.928862702,5.247710237,4.641994257,5.404641445,5.480157572,5.088061476,5.184983653,5.321816826,4.88320852,5.59614573,5.344841195
2029,9,4.473154812,5.159822554,5.478692028,5.178268905,5.355747825,4.705595587,5.195678796,4.43172168,4.654216226,4.950114798,5.270337129,4.662009444,5.427944987,5.503786722,5.11,5.207340082,5.344763248,4.904263766,5.620274994,5.367886892
2029,10,4.49181854,5.181351324,5.501551245,5.19987464,5.378094071,4.725229147,5.217357172,4.450212532,4.673635411,4.970768586,5.292327009,4.681461146,5.450592467,5.526750643,5.131320891,5.229067114,5.367063662,4.924726247,5.643724949,5.390283787
2029,11,4.511186204,5.203692092,5.525272639,5.222295276,5.401283147,4.745603223,5.239853188,4.469400802,4.693787027,4.992201371,5.315146277,4.701646505,5.47409414,5.550580691,5.153445939,5.251613621,5.390205178,4.945960508,5.668059363,5.413525422
2029,12,4.530008613,5.225403902,5.548326208,5.244084706,5.423819384,4.765403711,5.261715877,4.488048866,4.713371317,5.013030761,5.337323118,4.721263588,5.496934172,5.573739855,5.174948104,5.273525379,5.412695193,4.966596963,5.691708693,5.436112739
2030,1,4.549540945,5.247934615,5.572249285,5.266695966,5.447205617,4.78595101,5.284403158,4.507400277,4.733694266,5.03464577,5.360336399,4.741620565,5.520635659,5.59777251,5.197261262,5.296263579,5.436033461,4.98801176,5.716250002,5.459551978
2030,2,4.569157495,5.270562474,5.596275513,5.289404719,5.470692686,4.806586905,5.307188261,4.526835126,4.754104841,5.056353978,5.383448909,4.762065318,5.544439341,5.621908788,5.21967063,5.319099822,5.459472358,5.009518893,5.740897127,5.483092281
2030,3,4.586948359,5.291084389,5.618065652,5.31,5.491993845,4.825302244,5.327852785,4.5444612,4.772615832,5.076041832,5.404410368,4.780607304,5.566027646,5.643798734,5.239994388,5.339810726,5.480729829,5.029024386,5.763250377,5.50444172
2030,4,4.606726201,5.313898299,5.642289429,5.332895471,5.51567403,4.846107812,5.350825232,4.564055847,4.793194229,5.09792853,5.427712913,4.801220158,5.590027047,5.668133467,5.262588011,5.362834733,5.504361446,5.050708356,5.788100156,5.528175578
2030,5,4.62594724,5.336069933,5.665831237,5.355146368,5.538687549,4.866327643,5.373150939,4.583098849,4.813193284,5.119199054,5.450359426,4.821252701,5.613350797,5.691783106,5.284545558,5.385210548,5.527327765,5.07178186,5.812250343,5.551241259
2030,6,4.645893236,5.359077811,5.690260968,5.378236499,5.562569067,4.887310103,5.396318702,4.602860093,4.833946641,5.141271836,5.473860093,4.842040808,5.637554244,5.716324735,5.307331275,5.408430309,5.551160302,5.09365019,5.837311399,5.575176905
2030,7,4.665277694,5.381437951,5.714002932,5.400676576,5.585778251,4.907701846,5.418834225,4.622065001,4.854115731,5.162723205,5.496699149,4.86224367,5.661076295,5.740175447,5.329475508,5.430996366,5.574321884,5.114902863,5.861666914,5.598438693
2030,8,4.685393274,5.404641445,5.738640368,5.423963023,5.609862812,4.928862702,5.442198963,4.641994257,4.875045536,5.184983653,5.520399622,4.88320852,5.685485524,5.764925733,5.352454953,5.454413545,5.598357049,5.136957121,5.886941042,5.622577844
2030,9,4.705595587,5.427944987,5.763384035,5.447349875,5.634051221,4.950114798,5.465664444,4.662009444,4.896065585,5.207340082,5.544202286,4.904263766,5.71,5.789782736,5.375533479,5.477931693,5.622495847,5.159106471,5.912324147,5.646821076
2030,10,4.725229147,5.450592467,5.787431097,5.47007832,5.657558656,4.970768586,5.488469305,4.681461146,4.916493859,5.229067114,5.567334837,4.924726247,5.733824323,5.813939943,5.397962278,5.500787737,5.645955068,5.180632253,5.936992644,5.670381792
2030,11,4.745603223,5.47409414,5.812385138,5.49366401,5.681952717,4.992201371,5.512134293,4.701646505,4.937692624,5.251613621,5.591339875,4.945960508,5.758547224,5.839008284,5.421237021,5.524505839,5.670299098,5.20296992,5.962591559,5.694831144
2030,12,4.765403711,5.496934172,5.836636651,5.516585696,5.705660016,5.013030761,5.535133044,4.721263588,4.958294582,5.273525379,5.614669101,4.966596963,5.782574104,5.863370879,5.443856514,5.547556209,5.693957773,5.224678718,5.987469791,5.718592176
2031,1,4.78595101,5.520635659,5.861802855,5.540371915,5.730261479,5.03464577,5.558999235,4.741620565,4.979673582,5.296263579,5.638878233,4.98801176,5.807507203,5.888652355,5.467329142,5.571475966,5.718508779,5.247206303,6.013286352,5.7432494
2031,2,4.806586905,5.544439341,5.887077569,5.564260695,5.754969018,5.056353978,5.582968332,4.762065318,5.001144763,5.319099822,5.66319175,5.009518893,5.832547808,5.914042838,5.490902979,5.595498859,5.743165644,5.269831022,6.039214228,5.76801294
2031,3,4.825302244,5.566027646,5.91,5.585926179,5.77737706,5.076041832,5.604706657,4.780607304,5.020617649,5.339810726,5.685242439,5.029024386,5.855257917,5.937070263,5.51228283,5.617285974,5.765527727,5.290350089,6.062729031,5.790471771
2031,4,4.846107812,5.590027047,5.935482529,5.610011378,5.802287751,5.09792853,5.628872833,4.801220158,5.042265371,5.362834733,5.709755867,5.050708356,5.880504411,5.962669513,5.536050497,5.641506389,5.790387326,5.313160834,6.088870092,5.815438923
2031,5,4.866327643,5.613350797,5.960247652,5.63341851,5.826497133,5.119199054,5.652358662,4.821252701,5.063303648,5.385210548,5.733579171,5.07178186,5.905040144,5.987548071,5.559149035,5.66504493,5.814547055,5.33532939,6.114275207,5.839703177
2031,6,4.887310103,5.637554244,5.985946837,5.657708485,5.851619618,5.141271836,5.676730302,4.842040808,5.085135421,5.408430309,5.758301015,5.09365019,5.930501288,6.013364969,5.583118777,5.689471271,5.839618014,5.358334075,6.140638523,5.864882603
2031,7,4.907701846,5.661076295,6.010922517,5.681314627,5.876034832,5.162723205,5.700415811,4.86224367,5.106352568,5.430996366,5.782326868,5.114902863,5.955245627,6.038455047,5.606413703,5.71320994,5.863983153,5.380691112,6.166259635,5.889353156
2031,8,4.928862702,5.685485524,6.0368402,5.705811119,5.901370912,5.184983653,5.724994662,4.88320852,5.128369959,5.454413545,5.807258901,5.136957121,5.980923245,6.064491445,5.630587239,5.737843957,5.889267269,5.403891386,6.192847096,5.914746661
2031,9,4.950114798,5.71,6.062869635,5.730413234,5.926816235,5.207340082,5.749679492,4.904263766,5.150482283,5.477931693,5.832298435,5.159106471,6.006711578,6.090640105,5.654865007,5.76258419,5.914660403,5.427191694,6.219549195,5.940249657
2031,10,4.970768586,5.733824323,6.088166266,5.754322728,5.951545198,5.229067114,5.773669373,4.924726247,5.171972082,5.500787737,5.856633034,5.180632253,6.031773896,6.116052605,5.678459285,5.786627914,5.939338648,5.449836031,6.245499554,5.96503467
2031,11,4.992201371,5.758547224,6.114417006,5.779134014,5.977206861,5.251613621,5.798564077,4.945960508,5.194272409,5.524505839,5.881885458,5.20296992,6.057781486,6.142423584,5.702943465,5.811578492,5.964947679,5.473334442,6.272428678,5.990754495
2031,12,5.013030761,5.782574104,6.139928712,5.80324679,6.002146073,5.273525379,5.822757923,4.966596963,5.215944917,5.547556209,5.906426953,5.224678718,6.083056887,6.168052145,5.726738345,5.835826639,5.989835741,5.496171304,6.29859967,6.015750234
2032,1,5.03464577,5.807507203,6.16640264,5.828269025,6.028025915,5.296263579,5.847864285,4.98801176,5.238434844,5.571475966,5.931894076,5.247206303,6.109285597,6.194647334,5.751430693,5.86098935,6.015662504,5.519869502,6.32575775,6.041688734
2032,2,5.056353978,5.832547808,6.192990717,5.853399149,6.054017344,5.319099822,5.8730789,5.009518893,5.261021743,5.595498859,5.957471007,5.269831022,6.135627399,6.221357196,5.776229509,5.886260557,6.041600625,5.54366988,6.353032929,6.067739074
2032,3,5.076746386,5.856070626,6.217967211,5.877006061,6.078433355,5.34055189,5.896765181,5.029722414,5.282239581,5.618065652,5.981497644,5.291084389,6.160372545,6.246448092,5.799525194,5.91,6.065966558,5.566027646,6.378654877,6.092210424
2032,4,5.098636121,5.881320624,6.244777622,5.902346328,6.104642129,5.363579093,5.922190645,5.051409393,5.305015355,5.642289429,6.007288454,5.313898299,6.186934621,6.273381307,5.824531382,5.935482529,6.092121579,5.590027047,6.406158136,6.118478602
2032,5,5.119909598,5.905859763,6.270833244,5.926973194,6.130113051,5.385958014,5.946900308,5.072485822,5.327149925,5.665831237,6.032353179,5.336069933,6.212748899,6.299556274,5.848833573,5.960247652,6.11754026,5.613350797,6.432887099,6.144007255
2032,6,5.141985444,5.93132444,6.297871601,5.952528908,6.156544656,5.409180998,5.972541943,5.094357187,5.350119342,5.690260968,6.058363266,5.359077811,6.239536811,6.326718478,5.874052368,5.985946837,6.143917654,5.637554244,6.460624194,6.170498769
2032,7,5.16343979,5.956072214,6.324148751,5.977365155,6.182232135,5.431750188,5.997461692,5.115612811,5.372442104,5.714002932,6.083641095,5.381437951,6.265570565,6.353115988,5.89856118,6.010922517,6.169552448,5.661076295,6.487580411,6.19624447
2032,8,5.185703328,5.981753396,6.351416992,6.003138147,6.208888465,5.455170616,6.023321336,5.137670129,5.39560681,5.738640368,6.109872324,5.404641445,6.292586231,6.380509129,5.923994388,6.0368402,6.196154107,5.685485524,6.515553331,6.222961218
2032,9,5.20806286,6.007545309,6.378802808,6.029022266,6.235659731,5.478692028,6.04929248,5.159822554,5.418871397,5.763384035,6.136216656,5.427944987,6.319718382,6.408020383,5.949537258,6.062869635,6.222870465,5.71,6.543646864,6.249793162
2032,10,5.229792907,6.032611105,6.405417634,6.054177673,6.261677309,5.501551245,6.074532462,5.181351324,5.441481019,5.787431097,6.161819318,5.450592467,6.346086685,6.434757116,5.974361022,6.088166266,6.248834682,5.733824323,6.570949483,6.27586971
2032,11,5.252342544,6.058622305,6.433036287,6.080281862,6.288676188,5.525272639,6.100724416,5.203692092,5.464943405,5.812385138,6.188387633,5.47409414,6.373449518,6.462502275,6.000121061,6.114417006,6.275778186,5.758547224,6.599281871,6.302929784
2032,12,5.274257343,6.083901214,6.459877396,6.105651143,6.314914971,5.548326208,6.126178992,5.225403902,5.487745257,5.836636651,6.214207974,5.496934172,6.400042008,6.489466327,6.025155881,6.139928712,6.301963154,5.782574104,6.62681662,6.329228038
2033,1,5.2969987,6.110133565,6.487730867,6.131977275,6.342143399,5.572249285,6.152593634,5.247934615,5.511407123,5.861802855,6.241002176,5.520635659,6.427637483,6.517447379,6.051134935,6.16640264,6.329135736,5.807507203,6.655389894,6.35651818
2033,2,5.319838112,6.136479023,6.515704436,6.158416918,6.369489229,5.596275513,6.17912217,5.270562474,5.535171014,5.887077569,6.267911909,5.544439341,6.455351943,6.545549078,6.077226005,6.192990717,6.35642548,5.832547808,6.684086369,6.383925991
2033,3,5.34055189,6.160372545,6.541074543,6.182395859,6.394290019,5.618065652,6.203181731,5.291084389,5.556723231,5.91,6.292317189,5.566027646,6.480487056,6.57103539,6.100888814,6.217104278,6.381175404,5.855257917,6.710112102,6.408782993
2033,4,5.363579093,6.186934621,6.569278117,6.209052895,6.421860693,5.642289429,6.229928391,5.313898299,5.580682514,5.935482529,6.319448181,5.590027047,6.508429391,6.599368149,6.127194411,6.243910969,6.408689531,5.880504411,6.739044527,6.436416158
2033,5,5.385958014,6.212748899,6.596687679,6.234959459,6.448655173,5.665831237,6.255922056,5.336069933,5.603967274,5.960247652,6.345815356,5.613350797,6.535585069,6.626903259,6.15275943,6.269962974,6.435429056,5.905040144,6.76716242,6.463271369
2033,6,5.409180998,6.239536811,6.625131044,6.261843137,6.476460257,5.690260968,6.282896119,5.359077811,5.628130263,5.985946837,6.373177019,5.637554244,6.563764974,6.655476906,6.179288681,6.296997579,6.463177112,5.930501288,6.796340832,6.491139474
2033,7,5.431750188,6.265570565,6.652773647,6.287969962,6.503482547,5.714002932,6.309110786,5.381437951,5.651612993,6.010922517,6.399768372,5.661076295,6.591151534,6.683246123,6.205071057,6.323271082,6.49014398,5.955245627,6.824697788,6.518223012
2033,8,5.455170616,6.292586231,6.681458841,6.315082209,6.531524034,5.738640368,6.336314187,5.404641445,5.675981418,6.0368402,6.427362667,5.685485524,6.619571028,6.712062708,6.231825863,6.350535539,6.518127954,5.980923245,6.854124279,6.546328056
2033,9,5.478692028,6.319718382,6.71026772,6.342311357,6.559686428,5.763384035,6.363634883,5.427944987,5.700454915,6.062869635,6.455075942,5.71,6.648113061,6.741003543,6.25869603,6.377917554,6.546232587,6.006711578,6.88367765,6.574554282
2033,10,5.501551245,6.346086685,6.738265545,6.368773927,6.58705597,5.787431097,6.390186422,5.450592467,5.724239412,6.088166266,6.482009009,5.733824323,6.675851553,6.76912961,6.284809724,6.404528686,6.573545995,6.031773896,6.912399008,6.601985858
2033,11,5.525272639,6.373449518,6.767319361,6.396234581,6.615457806,5.812385138,6.417739402,5.47409414,5.748920985,6.114417006,6.509957907,5.758547224,6.704636254,6.798316504,6.311908345,6.432143507,6.601889579,6.057781486,6.942203646,6.630452068
2033,12,5.548326208,6.400042008,6.795555227,6.422922139,6.643060048,5.836636651,6.444516687,5.496934172,5.772907701,6.139928712,6.537119963,5.782574104,6.732610583,6.826681703,6.338244061,6.458980891,6.629435209,6.083056887,6.971169198,6.658116872
2034,1,5.572249285,6.427637483,6.824856063,6.450616268,6.67170336,5.861802855,6.472303926,5.520635659,5.797799121,6.16640264,6.565306486,5.807507203,6.761640016,6.856116748,6.365573078,6.486830496,6.658019773,6.109285597,7.001227239,6.686825105
2034,2,5.596275513,6.455351943,6.854283236,6.478429808,6.700470175,5.887077569,6.500210978,5.544439341,5.822797866,6.192990717,6.593614542,5.832547808,6.790794616,6.88567871,6.393019931,6.514800183,6.686727588,6.135627399,7.031414883,6.715657121
2034,3,5.618065652,6.480487056,6.880971662,6.503654779,6.726559701,5.91,6.525520758,5.566027646,5.845470012,6.217104278,6.619288006,5.855257917,6.817235837,6.91248938,6.417912343,6.540166769,6.712763605,6.159517605,7.058793004,6.741805781
2034,4,5.642289429,6.508429391,6.910640793,6.531697008,6.755563043,5.935482529,6.553657268,5.590027047,5.870674303,6.243910969,6.647828819,5.880504411,6.846630154,6.942294408,6.445584871,6.568366429,6.741707462,6.186075995,7.089228859,6.770874861
2034,5,5.665831237,6.535585069,6.939474652,6.558949767,6.783749858,5.960247652,6.581001654,5.613350797,5.895169021,6.269962974,6.675566125,5.905040144,6.875196936,6.971260338,6.472478337,6.595772187,6.769836466,6.211886691,7.118807856,6.799125563
2034,6,5.690260968,6.563764974,6.969396034,6.587230415,6.812999792,5.985946837,6.609377384,5.637554244,5.920587603,6.296997579,6.704349595,5.930501288,6.904841168,7.001318772,6.500386141,6.624211605,6.799026408,6.238670884,7.149502481,6.828441792
2034,7,5.714002932,6.591151534,6.998475042,6.614714882,6.841426255,6.010922517,6.636954256,5.661076295,5.945290578,6.323271082,6.732322728,5.955245627,6.933650829,7.030530975,6.527508259,6.651850371,6.827394569,6.264701026,7.179332963,6.856932686
2034,8,5.738640368,6.619571028,7.02865082,6.643235976,6.870924875,6.0368402,6.665571242,5.685485524,5.970925272,6.350535539,6.761350919,5.980923245,6.9635471,7.06084497,6.555653339,6.680531585,6.856832688,6.291712942,7.210288557,6.886498166
2034,9,5.763384035,6.648113061,7.058956708,6.671880046,6.900550686,6.062869635,6.694311616,5.71,5.996670497,6.377917554,6.790504274,6.006711578,6.993572276,7.091289672,6.583919774,6.709336465,6.886397737,6.318841328,7.241377625,6.916191125
2034,10,5.787431097,6.675851553,7.088409399,6.699717703,6.929342446,6.088166266,6.722242867,5.733824323,6.021690919,6.404528686,6.818836877,6.031773896,7.022752157,7.120877268,6.611390427,6.737330405,6.915130445,6.345205972,7.271591446,6.945048143
2034,11,5.812385138,6.704636254,7.118972952,6.728605309,6.95922014,6.114417006,6.751227596,5.758547224,6.047655034,6.432143507,6.848238097,6.057781486,7.053032612,7.151580816,6.639897186,6.766380188,6.94494686,6.372565007,7.302944837,6.974993556
2034,12,5.836636651,6.732610583,7.148676053,6.756679646,6.988256691,6.139928712,6.779396322,5.782574104,6.072888183,6.458980891,6.876811588,6.083056887,7.082460585,7.181419969,6.667601399,6.794612137,6.973923857,6.399153806,7.33341554,7.00409592
2035,1,5.861802855,6.761640016,7.179499463,6.785812859,7.018388409,6.16640264,6.808627484,5.807507203,6.099073048,6.486830496,6.906462781,6.109285597,7.112998488,7.212384563,6.696350527,6.823908905,7.003993776,6.426745452,7.365035502,7.034295933
2035,2,5.887077569,6.790794616,7.210455775,6.815071687,7.048650049,6.192990717,6.837984683,5.832547808,6.125370816,6.514800183,6.936241824,6.135627399,7.143668064,7.243482668,6.725223615,6.853331995,7.034193349,6.454456066,7.396791802,7.064626162
2035,3,5.91,6.817235837,7.238531025,6.841607436,7.076095278,6.217104278,6.864609648,5.855257917,6.149221086,6.540166769,6.963249371,6.159517605,7.171483264,7.271686514,6.751409523,6.880016717,7.061582288,6.47958769,7.425592586,7.092133598
2035,4,5.935482529,6.846630154,7.269741867,6.871106837,7.106605736,6.243910969,6.894208229,5.880504411,6.175735081,6.568366429,6.993273264,6.186075995,7.202405012,7.303040315,6.780520013,6.90968173,7.09203017,6.507526148,7.457609994,7.122713209
2035,5,5.960247652,6.875196936,7.300074035,6.899775746,7.136257236,6.269962974,6.922973526,5.905040144,6.20150263,6.595772187,7.022451897,6.211886691,7.232456224,7.333511416,6.808810958,6.938511588,7.121620855,6.534678057,7.48872602,7.152431916
2035,6,5.985946837,6.904841168,7.331550236,6.929525955,7.167027098,6.296997579,6.952823758,5.930501288,6.22824205,6.624211605,7.052731057,6.238670884,7.263640874,7.365131792,6.838168948,6.968428817,7.152327609,6.562854051,7.521015644,7.183271519
2035,7,6.010922517,6.933650829,7.362140292,6.95843861,7.1969307,6.323271082,6.981833621,5.955245627,6.254228678,6.651850371,7.082157772,6.264701026,7.293947585,7.395861963,6.866700427,6.99750379,7.182169878,6.59023681,7.552396223,7.213242899
2035,8,6.0368402,6.9635471,7.393884108,6.98844176,7.227962172,6.350535539,7.011937645,5.980923245,6.28119544,6.680531585,7.11269437,6.291712942,7.325397371,7.42775118,6.896308024,7.02767538,7.213137705,6.618652361,7.584960378,7.244344705
2035,9,6.062869635,6.993572276,7.425764797,7.018574277,7.259127444,6.377917554,7.04217147,6.006711578,6.308278477,6.709336465,7.143362634,6.318841328,7.356982761,7.459777895,6.926043281,7.057977062,7.244239057,6.647190432,7.617664943,7.275580615
2035,10,6.088166266,7.022752157,7.456747952,7.047858476,7.289415324,6.404528686,7.071554126,6.031773896,6.334599048,6.737330405,7.173167499,6.345205972,7.387678931,7.490902966,6.954941405,7.087425665,7.274464817,6.674925075,7.649448779,7.305937144
2035,11,6.114417006,7.053032612,7.488899695,7.078247184,7.320845567,6.432143507,7.102045003,6.057781486,6.361912349,6.766380188,7.204096509,6.372565007,7.419532864,7.523201977,6.984929476,7.117984977,7.305830598,6.703705781,7.682431402,7.337438626
2035,12,6.139928712,7.082460585,7.520146273,7.107780361,7.351390959,6.458980891,7.131677475,6.083056887,6.388456701,6.794612137,7.234154779,6.399153806,7.450490017,7.554591678,7.014073296,7.147683956,7.336313341,6.731676228,7.71448547,7.36805325
2036,1,6.16640264,7.112998488,7.552571374,7.138427438,7.383088427,6.486830496,7.16242759,6.109285597,6.416002223,6.823908905,7.265346752,6.426745452,7.482614777,7.587165299,7.04431633,7.178503088,7.367945798,6.760701631,7.747748516,7.399822562
2036,2,6.192990717,7.143668064,7.585136285,7.169206657,7.414922567,6.514800183,7.193310292,6.135627399,6.443666515,6.853331995,7.296673218,6.454456066,7.514878051,7.619879371,7.074689764,7.209455104,7.399714647,6.789852186,7.781154984,7.431728855
2036,3,6.217967211,7.172478664,7.615727338,7.198120255,7.444827144,6.541074543,7.222321101,6.160372545,6.469653991,6.880971662,7.326100891,6.480487056,7.545185751,7.650610543,7.103222173,7.238531025,7.429557889,6.817235837,7.812536586,7.461701212
2036,4,6.244777622,7.203404705,7.648564562,7.229156856,7.476927486,6.569278117,7.25346205,6.186934621,6.497549617,6.910640793,7.357689315,6.508429391,7.577718816,7.683598176,7.133849596,7.269741867,7.461592395,6.846630154,7.846222405,7.493874312
2036,5,6.270833244,7.233460088,7.680477324,7.259319687,7.508124112,6.596687679,7.283726292,6.212748899,6.5246599,6.939474652,7.388388433,6.535585069,7.609335982,7.715657111,7.163614768,7.300074035,7.492725037,6.875196936,7.878959872,7.525141647
2036,6,6.297871601,7.264649066,7.713593735,7.290620165,7.540497377,6.625131044,7.315132006,6.239536811,6.552792698,6.969396034,7.420245425,6.563764974,7.642145649,7.748925209,7.194502589,7.331550236,7.525031904,6.904841168,7.912932093,7.557588287
2036,7,6.324148751,7.294959984,7.745777824,7.321039445,7.57195924,6.652773647,7.345653558,6.265570565,6.580133477,6.998475042,7.451205551,6.591151534,7.674031628,7.781256714,7.22452083,7.362140292,7.55642924,6.933650829,7.945947898,7.58912146
2036,8,6.351416992,7.326414135,7.779175795,7.352606044,7.604607747,6.681458841,7.377326288,6.292586231,6.608505464,7.02865082,7.483333396,6.619571028,7.707120247,7.814807662,7.255671263,7.393884108,7.589010785,6.9635471,7.980208956,7.621843966
2036,9,6.378802808,7.358003909,7.81271777,7.384308751,7.637397026,6.71026772,7.409135583,6.319718382,6.636999785,7.058956708,7.515599769,6.648113061,7.740351536,7.848503274,7.286956011,7.425764797,7.621732813,6.993572276,8.014617739,7.654707564
2036,10,6.405417634,7.388704339,7.845315443,7.415118936,7.669263193,6.738265545,7.440049355,6.346086685,6.664691908,7.088409399,7.546957751,6.675851553,7.772647268,7.881250257,7.317360002,7.456747952,7.653533623,7.022752157,8.048057816,7.686645957
2036,11,6.433036287,7.420562694,7.879142597,7.447091184,7.702331251,6.767319361,7.472129097,6.373449518,6.693428491,7.118972952,7.579498457,6.704636254,7.806161094,7.915232354,7.348910737,7.488899695,7.686533859,7.053032612,8.082759147,7.719788965
2036,12,6.459877396,7.451524144,7.912017419,7.478163321,7.734468348,6.795555227,7.503305702,6.400042008,6.721356057,7.148676053,7.611123048,6.732610583,7.83873141,7.948257757,7.379573227,7.520146273,7.718605043,7.082460585,8.116483536,7.751998903
2037,1,6.487730867,7.483653363,7.946132177,7.510407402,7.767817556,6.824856063,7.53565819,6.427637483,6.750336963,7.179499463,7.64394042,6.761640016,7.872530175,7.982528774,7.41139221,7.552571374,7.751885852,7.112998488,8.151479904,7.785423698
2037,2,6.515704436,7.515921115,7.980394029,7.542790511,7.801310557,6.854283236,7.568150175,6.455351943,6.779442827,7.210455775,7.676899292,6.790794616,7.906474673,8.01694756,7.44334839,7.585136285,7.78531016,7.143668064,8.186627167,7.818992613
2037,3,6.541074543,7.545185751,8.011467176,7.572159768,7.83168641,6.880971662,7.597618175,6.480487056,6.805839848,7.238531025,7.706790726,6.817235837,7.937260002,8.048163035,7.47233045,7.614670423,7.815623712,7.171483264,8.218503322,7.849437314
2037,4,6.569278117,7.577718816,8.046010738,7.604809139,7.865454799,6.910640793,7.630377317,6.508429391,6.835185028,7.269741867,7.740020595,6.846630154,7.971483599,8.082864821,7.504549381,7.64750309,7.849322842,7.202405012,8.253939574,7.883282241
2037,5,6.596687679,7.609335982,8.079581798,7.636539337,7.898272511,6.939474652,7.662214194,6.535585069,6.863704057,7.300074035,7.772314946,6.875196936,8.004743704,8.116589651,7.535861256,7.679411423,7.882073245,7.232456224,8.288378194,7.916174336
2037,6,6.625131044,7.642145649,8.114419054,7.669466297,7.932328003,6.969396034,7.695251859,6.563764974,6.893298734,7.331550236,7.805827339,6.904841168,8.039258275,8.151586475,7.568354116,7.712523238,7.91605889,7.263640874,8.32411573,7.950307017
2037,7,6.652773647,7.674031628,8.14827554,7.701466269,7.965424735,6.998475042,7.727359418,6.591151534,6.922060235,7.362140292,7.838396262,6.933650829,8.072801162,8.185598039,7.599932209,7.74470286,7.949087742,7.293947585,8.358847152,7.983478764
2037,8,6.681458841,7.707120247,8.183408987,7.73467318,7.999769773,7.02865082,7.760677974,6.619571028,6.95190653,7.393884108,7.872193582,6.9635471,8.107609181,8.220892411,7.632701328,7.778096197,7.983362338,7.325397371,8.394888534,8.017901646
2037,9,6.71026772,7.740351536,8.218693921,7.76802327,8.034262897,7.058956708,7.794140191,6.648113061,6.981881515,7.425764797,7.906136629,6.993572276,8.142567284,8.256338965,7.665611741,7.811633517,8.017784717,7.356982761,8.431085318,8.052472951
2037,10,6.738265545,7.772647268,8.252985482,7.80043446,8.067784942,7.088409399,7.82666035,6.675851553,7.011012618,7.456747952,7.939124081,7.022752157,8.176541216,8.290787596,7.69759563,7.844226666,8.051238008,7.387678931,8.466263059,8.086070975
2037,11,6.767319361,7.806161094,8.288570414,7.834068098,8.102571332,7.118972952,7.860407068,6.704636254,7.041242455,7.488899695,7.973355716,7.053032612,8.211796537,8.326535521,7.730785851,7.878049125,8.085953052,7.419532864,8.502767593,8.12093621
2037,12,6.795555227,7.83873141,8.323153527,7.866754852,8.136378385,7.148676053,7.893203719,6.732610583,7.070621235,7.520146273,8.006623631,7.082460585,8.24605932,8.361277039,7.763041672,7.910919385,8.119690767,7.450490017,8.538244419,8.154819889
2038,1,6.824856063,7.872530175,8.359041007,7.900674448,8.171460534,7.179499463,7.927237356,6.761640016,7.10110809,7.552571374,8.041146308,7.112998488,8.281614388,8.397328898,7.796514081,7.945029408,8.154700963,7.482614777,8.57505932,8.189981553
2038,2,6.854283236,7.906474673,8.395083224,7.934740297,8.206693949,7.210455775,7.961417738,6.790794616,7.131726397,7.585136285,8.075817839,7.143668064,8.31732276,8.433536205,7.830130815,7.979286505,8.189862115,7.514878051,8.612032958,8.225294827
2038,3,6.880971662,7.937260002,8.427771042,7.965635683,8.238648238,7.238531025,7.992416998,6.817235837,7.159495099,7.614670423,8.107262537,7.171483264,8.349707802,8.466373746,7.860618885,8.010355341,8.221750866,7.544138626,8.645565509,8.257321541
2038,4,6.910640793,7.971483599,8.464109607,7.99998163,8.27417135,7.269741867,8.026878419,6.846630154,7.190365157,7.64750309,8.142219146,7.202405012,8.385709778,8.502878757,7.894512024,8.044894108,8.257201121,7.576667176,8.682843153,8.292925169
2038,5,6.939474652,8.004743704,8.499425138,8.03336064,8.308694385,7.300074035,8.060369652,6.875196936,7.220366135,7.679411423,8.176191625,7.232456224,8.420698194,8.538356047,7.927450973,8.07846051,8.291653349,7.608279955,8.719071324,8.327526451
2038,6,6.969396034,8.039258275,8.536072659,8.0679986,8.34451952,7.331550236,8.09512407,6.904841168,7.251498654,7.712523238,8.211445439,7.263640874,8.457006263,8.575171429,7.961632276,8.11329293,8.327405007,7.641085068,8.756665908,8.363432786
2038,7,6.998475042,8.072801162,8.571688447,8.101661403,8.379336074,7.362140292,8.12890005,6.933650829,7.281754704,7.74470286,8.245706757,7.293947585,8.492292155,8.610950353,7.994851277,8.147144718,8.362150153,7.672966622,8.793202096,8.398328254
2038,8,7.02865082,8.107609181,8.60864755,8.13659386,8.4154658,7.393884108,8.163949954,6.9635471,7.313151917,7.778096197,8.281260304,7.325397371,8.528908921,8.648078744,8.029323195,8.182273289,8.398205777,7.706050649,8.831116315,8.434539869
2038,9,7.058956708,8.142567284,8.645766013,8.171676938,8.451751308,7.425764797,8.199150985,6.993572276,7.344684507,7.811633517,8.31696715,7.356982761,8.565683569,8.685367225,8.063943747,8.217553326,8.434416864,7.739277326,8.86919401,8.47090762
2038,10,7.088409399,8.176541216,8.681839484,8.205772327,8.487015275,7.456747952,8.233361006,7.022752157,7.375329364,7.844226666,8.351668745,7.387678931,8.601422905,8.721605927,8.097589631,8.251840129,8.469608505,7.771568576,8.906199709,8.506251514
2038,11,7.118972952,8.211796537,8.719273533,8.241153686,8.523609288,7.488899695,8.268861321,7.053032612,7.407130049,7.878049125,8.387679176,7.419532864,8.638510217,8.75921144,8.132504532,8.287420122,8.506127464,7.805077751,8.944601146,8.542928469
2038,12,7.148676053,8.24605932,8.755653705,8.275538959,8.559173074,7.520146273,8.303362201,7.082460585,7.438035453,7.910919385,8.422675809,7.450490017,8.674553414,8.795758249,8.166436478,8.321998435,8.541618309,7.837643546,8.981921473,8.578572862
2039,1,7.179499463,8.281614388,8.793406024,8.311221135,8.596078214,7.552571374,8.339164345,7.112998488,7.470106511,7.945029408,8.458992405,7.482614777,8.711956047,8.833683489,8.201648231,8.357880934,8.578447757,7.871437621,9.020649405,8.61556165
2039,2,7.210455775,8.31732276,8.831321122,8.347057165,8.63314248,7.585136285,8.375120859,7.143668064,7.502315853,7.979286505,8.49546559,7.514878051,8.749519952,8.871772253,8.237011808,8.39391815,8.615436005,7.905377408,9.059544322,8.652709925
2039,3,7.238531025,8.349707802,8.865707512,8.379557984,8.666757225,7.614670423,8.407730949,7.171483264,7.531527514,8.010355341,8.528544264,7.544138626,8.783587834,8.906316148,8.269084145,8.426601431,8.648981807,7.936158464,9.094819342,8.686400859
2039,4,7.269741867,8.385709778,8.903934357,8.415688666,8.704126243,7.64750309,8.443983106,7.202405012,7.564001689,8.044894108,8.565317341,7.576667176,8.821460598,8.944718087,8.30473849,8.462934953,8.686274181,7.970377312,9.134034063,8.723854576
2039,5,7.300074035,8.420698194,8.941085006,8.450802166,8.740443216,7.679411423,8.479214661,7.232456224,7.595561622,8.07846051,8.601055149,7.608279955,8.858267134,8.982038902,8.339389062,8.498245583,8.722516668,8.003632801,9.172144777,8.760253862
2039,6,7.331550236,8.457006263,8.97963686,8.487240036,8.77812995,7.712523238,8.51577504,7.263640874,7.628311896,8.11329293,8.638140875,7.641085068,8.896461898,9.02076734,8.375346546,8.534888018,8.760126107,8.038142582,9.211692907,8.798026016
2039,7,7.362140292,8.492292155,9.017103369,8.522652075,8.814755694,7.74470286,8.551306138,7.293947585,7.660140156,8.147144718,8.67418253,7.672966622,8.933581369,9.058405461,8.410291722,8.570498863,8.796676733,8.071680814,9.250127643,8.834734774
2039,8,7.393884108,8.528908921,9.055982997,8.559399746,8.852762847,7.778096197,8.588177358,7.325397371,7.693168878,8.182273289,8.711583564,7.706050649,8.972100869,9.097463174,8.446554921,8.607452837,8.834605933,8.106484002,9.290012017,8.872828071
2039,9,7.425764797,8.565683569,9.095030265,8.596305863,8.890933877,7.811633517,8.625207558,7.356982761,7.726340012,8.217553326,8.749145863,7.739277326,9.010786457,9.136689294,8.482974479,8.644566149,8.872698675,8.141437254,9.330068363,8.911085618
2039,10,7.456747952,8.601422905,9.13297824,8.632172967,8.928030283,7.844226666,8.661195251,7.387678931,7.758577283,8.251840129,8.785650674,7.771568576,9.048382934,9.174811087,8.51836872,8.680634613,8.909718996,8.175406471,9.368997007,8.948266105
2039,11,7.488899695,8.638510217,9.172357493,8.669392866,8.966525849,7.878049125,8.698540287,7.419532864,7.792030442,8.287420122,8.823532333,7.805077751,9.087397432,9.214370713,8.555097922,8.718063467,8.948135608,8.2106569,9.409393918,8.986848923
2039,12,7.520146273,8.674553414,9.210628106,8.705564917,9.003937653,7.910919385,8.734833953,7.450490017,7.824541799,8.321998435,8.860347513,7.837643546,9.12531356,9.252816622,8.590793091,8.754438591,8.985470682,8.244914927,9.448653539,9.024345523
2040,1,7.552571374,8.711956047,9.250342167,8.743101265,9.042760514,7.945029408,8.772496501,7.482614777,7.858279382,8.357880934,8.898551247,7.871437621,9.164659765,9.29271259,8.627834569,8.79218567,9.024213917,8.280465061,9.489393909,9.063256378
2040,2,7.585136285,8.749519952,9.290227466,8.78079946,9.081750769,7.979286505,8.810321442,7.514878051,7.892162434,8.39391815,8.936919706,7.905377408,9.204175621,9.33278058,8.665035761,8.830095506,9.063124204,8.316168477,9.530309943,9.102335006
2040,3,7.615727338,8.784806994,9.327695197,8.816212654,9.118377708,8.011467176,8.845853699,7.545185751,7.923991731,8.427771042,8.972962537,7.937260002,9.241296302,9.370419928,8.699982077,8.865707512,9.099676021,8.349707802,9.568745932,9.139044962
2040,4,7.648564562,8.822685015,9.367914023,8.854226089,9.157694007,8.046010738,8.883994938,7.577718816,7.958158119,8.464109607,9.01165184,7.971483599,9.281142597,9.410822974,8.737494353,8.903934357,9.138911683,8.385709778,9.610004113,9.178450373
2040,5,7.680477324,8.85949666,9.407000574,8.891169335,9.195903439,8.079581798,8.921062392,7.609335982,7.991362625,8.499425138,9.049251928,8.004743704,9.319867104,9.450088558,8.77395055,8.941085006,9.177042748,8.420698194,9.650100757,9.216746409
2040,6,7.713593735,8.897696725,9.447561347,8.929505965,9.235554011,8.114419054,8.959527914,7.642145649,8.0258195,8.536072659,9.088270173,8.039258275,9.360052178,9.490835116,8.81178176,8.97963686,9.216611996,8.457006263,9.691709721,9.25648685
2040,7,7.745777824,8.934821348,9.486980218,8.966763309,9.274088305,8.14827554,8.996910521,7.674031628,8.059306315,8.571688447,9.126189942,8.072801162,9.399105927,9.530434541,8.848547913,9.017103369,9.255067257,8.492292155,9.732147273,9.295108484
2040,8,7.779175795,8.973346195,9.527885844,9.005425882,9.314075991,8.183408987,9.035703082,7.707120247,8.094056147,8.60864755,9.165539925,8.107609181,9.43963266,9.571527533,8.886700769,9.055982997,9.294972929,8.528908921,9.774110002,9.335186805
2040,9,7.81271777,9.012037153,9.568967846,9.04425516,9.354236095,8.218693921,9.074662907,7.740351536,8.128955813,8.645766013,9.205059577,8.142567284,9.480334135,9.612797707,8.925018132,9.095030265,9.335050665,8.565683569,9.816253664,9.375437934
2040,10,7.845315443,9.049638848,9.608893271,9.081991281,9.393265577,8.252985482,9.112525902,7.772647268,8.162872952,8.681839484,9.243466636,8.176541216,9.519889746,9.652906007,8.96225675,9.13297824,9.374000098,8.601422905,9.857210861,9.414555877
2040,11,7.879142597,9.088658761,9.650324558,9.12115069,9.433767127,8.288570414,9.151816969,7.806161094,8.19806934,8.719273533,9.283322289,8.211796537,9.56093727,9.694527067,9.000899892,9.172357493,9.41441858,8.638510217,9.899712835,9.455149227
2040,12,7.912017419,9.126580152,9.690589434,9.15920765,9.473128443,8.323153527,9.19000188,7.83873141,8.232274847,8.755653705,9.322055891,8.24605932,9.600829189,9.734976373,9.038455119,9.210628106,9.453699166,8.674553414,9.941018256,9.494599757
2041,1,7.946132177,9.165931818,9.732372976,9.198699998,9.513974344,8.359041007,9.229627005,7.872530175,8.267770479,8.793406024,9.362250402,8.281614388,9.642225705,9.776951301,9.077426811,9.250342167,9.494461293,8.711956047,9.983881587,9.535538237
2041,2,7.980394029,9.205453159,9.774336678,9.238362628,9.554996362,8.395083224,9.269422985,7.906474673,8.30341916,8.831321122,9.402618223,8.31732276,9.683800713,9.819107214,9.116566539,9.290227466,9.535399176,8.749519952,10.02692974,9.576653234
2041,3,8.011467176,9.241296302,9.812394875,9.27433391,9.592200517,8.427771042,9.305515207,7.937260002,8.335750066,8.865707512,9.439229065,8.349707802,9.721506392,9.857339733,9.152063586,9.326400694,9.572527025,8.783587834,10.06597145,9.613941714
2041,4,8.046010738,9.281142597,9.854703613,9.314322655,9.633559829,8.464109607,9.345638399,7.971483599,8.371691859,8.903934357,9.4799288,8.385709778,9.76342324,9.899842263,9.19152513,9.366613939,9.613801509,8.821460598,10.10937355,9.655394768
2041,5,8.079581798,9.319867104,9.895821238,9.353185603,9.673754756,8.499425138,9.384632007,8.004743704,8.406621787,8.941085006,9.51948272,8.420698194,9.804160008,9.941148224,9.229875719,9.405695066,9.653913997,8.858267134,10.15155376,9.6956808
2041,6,8.114419054,9.360052178,9.93848969,9.393514338,9.715465711,8.536072659,9.425096332,8.039258275,8.442869162,8.97963686,9.560528489,8.457006263,9.846433239,9.984012115,9.269672771,9.44625021,9.695539403,8.896461898,10.19532487,9.737486294
2041,7,8.14827554,9.399105927,9.979956903,9.432707703,9.756002381,8.571688447,9.46442147,8.072801162,8.478096069,9.017103369,9.600418702,8.492292155,9.887516356,10.02566927,9.308349422,9.485663609,9.735992933,8.933581369,10.2378637,9.778114843
2041,8,8.183408987,9.43963266,10.02298813,9.473379319,9.798067968,8.60864755,9.505229828,8.107609181,8.514651624,9.055982997,9.641813448,8.528908921,9.930149,10.06889759,9.348484834,9.526563559,9.777972244,8.972100869,10.28200696,9.820275773
2041,9,8.218693921,9.480334135,10.0662049,9.514226302,9.840314931,8.645766013,9.546214143,8.142567284,8.551364799,9.095030265,9.683386679,8.565683569,9.972965466,10.11231231,9.388793301,9.567639859,9.82013256,9.010786457,10.32634055,9.862618492
2041,10,8.252985482,9.519889746,10.10820499,9.553923324,9.881372521,8.681839484,9.58604463,8.176541216,8.587044391,9.13297824,9.723789504,8.601422905,10.01457653,10.15450478,9.427966968,9.607559743,9.861105941,9.048382934,10.36942603,9.90376914
2041,11,8.288570414,9.56093727,10.15178919,9.595117593,9.923978674,8.719273533,9.627377399,8.211796537,8.624069706,9.172357493,9.765716196,8.638510217,10.05775702,10.19828861,9.468618143,9.64898528,9.903624709,9.087397432,10.41413655,9.946471863
2041,12,8.323153527,9.600829189,10.19414637,9.635152125,9.965385342,8.755653705,9.667546532,8.24605932,8.660052652,9.210628106,9.806462531,8.674553414,10.09972186,10.24083981,9.508124871,9.689244569,9.944946452,9.12531356,10.45758835,9.98797238
2042,1,8.359041007,9.642225705,10.23810113,9.676696634,10.00835374,8.793406024,9.709230717,8.281614388,8.697392761,9.250342167,9.84874569,8.711956047,10.14326949,10.2849959,9.549121668,9.731022312,9.987826721,9.164659765,10.50267901,10.03103817
2042,2,8.395083224,9.683800713,10.28224541,9.718420273,10.0515074,8.831321122,9.751094636,8.31732276,8.734893872,9.290227466,9.891211164,8.749519952,10.18700488,10.32934238,9.590295234,9.77298019,10.03089188,9.204175621,10.54796409,10.07428964
2042,3,8.427771042,9.721506392,10.32228124,9.756260749,10.09064482,8.865707512,9.789062335,8.349707802,8.768904805,9.326400694,9.929724433,8.783587834,10.22666988,10.36956159,9.627636831,9.811033105,10.06994902,9.24001379,10.58903455,10.11351576
2042,4,8.464109607,9.76342324,10.36678849,9.79832745,10.1341533,8.903934357,9.831270469,8.385709778,8.806714259,9.366613939,9.972539069,8.821460598,10.27076487,10.4142727,9.669148935,9.853335971,10.11336827,9.279854555,10.63469197,10.15712286
2042,5,8.499425138,9.804160008,10.41004273,9.839209852,10.1764369,8.941085006,9.872290321,8.420698194,8.843459268,9.405695066,10.01414835,8.858267134,10.31361846,10.45772507,9.709492355,9.89444789,10.15556515,9.318573688,10.67906401,10.1995023
2042,6,8.536072659,9.846433239,10.45492839,9.881634209,10.2203153,8.97963686,9.914857314,8.457006263,8.881590184,9.44625021,10.057327,8.896461898,10.35808836,10.50281632,9.751357401,9.937110421,10.19935355,9.358753185,10.72510962,10.24348015
2042,7,8.571688447,9.887516356,10.49855038,9.922864199,10.2629584,9.017103369,9.956225924,8.492292155,8.918647604,9.485663609,10.09929005,8.933581369,10.4013063,10.54663812,9.792043826,9.978571879,10.24190919,9.397801514,10.76985891,10.2862199
2042,8,8.60864755,9.930149,10.54381766,9.965649254,10.30720986,9.055982997,9.999154827,8.528908921,8.957102714,9.526563559,10.14283581,8.972100869,10.44615429,10.59211274,9.834264815,10.02159713,10.28606989,9.438322622,10.81629601,10.33057166
2042,9,8.645766013,9.972965466,10.58928012,10.00861879,10.35165212,9.095030265,10.04226883,8.565683569,8.995723633,9.567639859,10.18656933,9.010786457,10.49119565,10.63778344,9.87666785,10.0648079,10.33042101,9.479018449,10.86293333,10.37511466
2042,10,8.681839484,10.01457653,10.63346268,10.05037861,10.39484321,9.13297824,10.08416905,8.601422905,9.033257262,9.607559743,10.22907163,9.048382934,10.53496896,10.68216837,9.917877119,10.10680216,10.37352351,9.51856857,10.90825768,10.41840364
2042,11,8.719273533,10.05775702,10.67931167,10.09371348,10.43966333,9.172357493,10.12764961,8.638510217,9.072206542,9.64898528,10.27317698,9.087397432,10.58039327,10.72822737,9.960640671,10.15038032,10.4182517,9.559610398,10.95529152,10.46332534
2042,12,8.755653705,10.09972186,10.72386988,10.13582834,10.48322163,9.210628106,10.16990607,8.674553414,9.110059287,9.689244569,10.31604064,9.12531356,10.62453875,10.77298967,10.00220031,10.19273162,10.46172066,9.59949678,11.00100123,10.50698237
2043,1,8.793406024,10.14326949,10.77010868,10.17953165,10.52842282,9.250342167,10.21375632,8.711956047,9.149339719,9.731022312,10.36052098,9.164659765,10.67034926,10.81944027,10.04532744,10.23668028,10.50682914,9.640887552,11.04843495,10.55228601
2043,2,8.831321122,10.18700488,10.81654686,10.22342339,10.5738189,9.290227466,10.25779563,8.749519952,9.188789519,9.77298019,10.4051931,9.204175621,10.7163573,10.86609115,10.08864053,10.28081843,10.55213212,9.68245679,11.09607321,10.59778498
2043,3,8.865707512,10.22666988,10.85866309,10.26323019,10.61499003,9.326400694,10.29773626,8.783587834,9.22456778,9.811033105,10.44570766,9.24001379,10.75808343,10.9084003,10.12792253,10.32084871,10.59321881,9.720157236,11.13927783,10.63904943
2043,4,8.903934357,10.27076487,10.90548309,10.30748283,10.66075937,9.366613939,10.34213768,8.821460598,9.264341945,9.853335971,10.49074709,9.279854555,10.80446975,10.95543475,10.17159174,10.36534978,10.63889427,9.762068266,11.18730777,10.6849225
2043,5,8.941085006,10.31361846,10.95098498,10.35048962,10.70524017,9.405695066,10.38528907,8.858267134,9.302996354,9.89444789,10.53451853,9.318573688,10.84955017,11.00114505,10.21403155,10.40859802,10.68328384,9.802799381,11.23398554,10.72950412
2043,6,8.97963686,10.35808836,10.99820305,10.3951185,10.75139864,9.44625021,10.43006799,8.896461898,9.343108685,9.937110421,10.5799409,9.358753185,10.89633087,11.0485794,10.25807205,10.45347745,10.72934765,9.845066745,11.28242384,10.77576722
2043,7,9.017103369,10.4013063,11.04409179,10.43849094,10.79625763,9.485663609,10.47358626,8.933581369,9.382091738,9.978571879,10.62408449,9.397801514,10.94179457,11.09467834,10.30087268,10.49709339,10.77411463,9.886144161,11.32949846,10.82072788
2043,8,9.055982997,10.44615429,11.09171132,10.48349926,10.84280855,9.526563559,10.5187459,8.972100869,9.42254511,10.02159713,10.66989305,9.438322622,10.98897301,11.14251598,10.34528762,10.54235438,10.82057007,9.928770889,11.3783486,10.86738431
2043,9,9.095030265,10.49119565,11.13953617,10.52870164,10.88956019,9.567639859,10.56410025,9.010786457,9.463172908,10.0648079,10.71589911,9.479018449,11.03635488,11.19055989,10.38989407,10.58781054,10.86722583,9.971581413,11.42740936,10.91424191
2043,10,9.13297824,10.53496896,11.18601461,10.57263144,10.93499563,9.607559743,10.60817776,9.048382934,9.502656915,10.10680216,10.76060998,9.51856857,11.08240281,11.23725122,10.43324471,10.63198697,10.91256808,10.0131867,11.47508892,10.95978034
2043,11,9.172357493,10.58039327,11.23424607,10.61821814,10.98214476,9.64898528,10.65391772,9.087397432,9.543630136,10.15038032,10.8070072,9.559610398,11.13018752,11.2857036,10.47823041,10.67782959,10.95962051,10.0563612,11.5245668,11.00703634
2043,12,9.210628106,10.62453875,11.28111968,10.66252145,11.02796651,9.689244569,10.69836998,9.12531356,9.583449842,10.19273162,10.8520982,9.59949678,11.17662696,11.33279191,10.52194963,10.72238162,11.00534827,10.09832022,11.57265174,11.05296194
2044,1,9.250342167,10.67034926,11.32976121,10.70849573,11.0755165,9.731022312,10.74449883,9.164659765,9.624771423,10.23668028,10.89888989,9.640887552,11.22481794,11.38165624,10.5673178,10.768614,11.05280075,10.1418618,11.62255029,11.10061971
2044,2,9.290227466,10.7163573,11.37861248,10.75466824,11.12327152,9.77298019,10.79082658,9.204175621,9.666271173,10.28081843,10.94588334,9.68245679,11.27321672,11.43073127,10.61288159,10.81504573,11.10045782,10.18559112,11.67266399,11.14848297
2044,3,9.327695197,10.75957665,11.42450272,10.7980421,11.16813197,9.812394875,10.83434627,9.241296302,9.705255497,10.32228124,10.99002838,9.721506392,11.31868189,11.4768317,10.65568362,10.85866309,11.14522626,10.22666988,11.71974015,11.19344509
2044,4,9.367914023,10.80596941,11.47376249,10.84460072,11.21628633,9.854703613,10.88106142,9.281142597,9.747102275,10.36678849,11.03741479,9.76342324,11.36748539,11.5263171,10.70162842,10.90548309,11.19328185,10.27076487,11.77027291,11.24170859
2044,5,9.407000574,10.85105608,11.52163545,10.88984858,11.263085,9.895821238,10.9264614,9.319867104,9.787770946,10.41004273,11.08346715,9.804160008,11.41491492,11.57440934,10.74627974,10.95098498,11.23998454,10.31361846,11.81938303,11.28861334
2044,6,9.447561347,10.89784328,11.57131403,10.93680304,11.31164877,9.93848969,10.97357373,9.360052178,9.829973511,10.45492839,11.13125645,9.846433239,11.46413335,11.62431547,10.79261517,10.99820305,11.28844871,10.35808836,11.87034543,11.33728718
2044,7,9.486980218,10.94331329,11.61959402,10.9824356,11.35884533,9.979956903,11.01935972,9.399105927,9.870987952,10.49855038,11.17770034,9.887516356,11.51196613,11.6728166,10.83764612,11.04409179,11.33554847,10.4013063,11.91987309,11.38459072
2044,8,9.527885844,10.99049828,11.66969497,11.02978928,11.407822,10.02298813,11.0668726,9.43963266,9.91354933,10.54381766,11.22589596,9.930149,11.56160302,11.72314704,10.8843755,11.09171132,11.38442469,10.44615429,11.97126878,11.43367839
2044,9,9.568967846,11.03788672,11.72001195,11.07734714,11.45700985,10.0662049,11.11459035,9.480334135,9.956294222,10.58928012,11.27429938,9.972965466,11.61145394,11.77369449,10.93130637,11.13953617,11.43351165,10.49119565,12.02288607,11.48297772
2044,10,9.608893271,11.08394104,11.76891236,11.1235661,11.50481291,10.10820499,11.16096471,9.519889746,9.997835722,10.63346268,11.32134011,10.01457653,11.6599014,11.82281889,10.976916,11.18601461,11.48121667,10.53496896,12.07305019,11.53088914
2044,11,9.650324558,11.13173239,11.81965714,11.1715283,11.55441896,10.15178919,11.20908817,9.56093727,10.04094404,10.67931167,11.37015506,10.05775702,11.71017615,11.8737961,11.02424588,11.23424607,11.53072098,10.58039327,12.12510634,11.58060762
2044,12,9.690589434,11.17817827,11.86897331,11.21814023,11.60262845,10.19414637,11.25585681,9.600829189,10.08283873,10.72386988,11.41759573,10.09972186,11.75903552,11.92333816,11.07024328,11.28111968,11.57883159,10.62453875,12.17569696,11.62892638
2045,1,9.732372976,11.22637594,11.92014953,11.26651021,11.65265625,10.23810113,11.30438941,9.642225705,10.12631356,10.77010868,11.46682572,10.14326949,11.80973772,11.97474878,11.11797557,11.32976121,11.62875679,10.67034926,12.2281957,11.67906757
2045,2,9.774336678,11.27478144,11.97154641,11.31508875,11.70289976,10.28224541,11.35313128,9.683800713,10.16997584,10.81654686,11.51626797,10.18700488,11.86065853,12.02638108,11.16591366,11.37861248,11.67889725,10.7163573,12.28092081,11.72942497
2045,3,9.812394875,11.31868189,12.01815985,11.35914615,11.74846718,10.32228124,11.39733681,9.721506392,10.20957453,10.85866309,11.5611087,10.22666988,11.90684021,12.07320803,11.20939022,11.42291722,11.72437121,10.75808343,12.32873886,11.77509566
2045,4,9.854703613,11.36748539,12.06997933,11.40812411,11.79912381,10.36678849,11.44647944,9.76342324,10.25359581,10.90548309,11.61095748,10.27076487,11.9581797,12.12526487,11.25772247,11.47217015,11.77492394,10.80446975,12.38189748,11.8258671
2045,5,9.895821238,11.41491492,12.12033994,11.45572321,11.8483543,10.41004273,11.49423857,9.804160008,10.29637777,10.95098498,11.65940288,10.31361846,12.00807384,12.17585615,11.30469403,11.52003647,11.82405347,10.84955017,12.43355953,11.87520918
2045,6,9.93848969,11.46413335,12.17259999,11.50511759,11.89944162,10.45492839,11.54379902,9.846433239,10.34077333,10.99820305,11.70967548,10.35808836,12.05984983,12.22835558,11.35343722,11.56970816,11.875036,10.89633087,12.48717011,11.92641229
2045,7,9.979956903,11.51196613,12.22338878,11.55312138,11.94909068,10.49855038,11.5919642,9.887516356,10.38391902,11.04409179,11.75853276,10.4013063,12.11016817,12.27937699,11.40080813,11.61798144,11.92458323,10.94179457,12.5392714,11.97617388
2045,8,10.02298813,11.56160302,12.27609315,11.60293572,12.00061235,10.54381766,11.64194603,9.930149,10.42869204,11.09171132,11.80923279,10.44615429,12.16238437,12.33232278,11.44996574,11.66807545,11.97599923,10.98897301,12.59333779,12.02781233
2045,9,10.0662049,11.61145394,12.32902478,11.65296485,12.05235616,10.58928012,11.69214336,9.972965466,10.4736581,11.13953617,11.86015142,10.49119565,12.21482571,12.38549685,11.49933529,11.71838544,12.02763692,11.03635488,12.6476373,12.07967342
2045,10,10.10820499,11.6599014,12.38046622,11.70158551,12.10264324,10.63346268,11.74092749,10.01457653,10.51735825,11.18601461,11.90963655,10.53496896,12.26579067,12.43717392,11.54731496,11.76727907,12.07782086,11.08240281,12.70040812,12.13007448
2045,11,10.15178919,11.71017615,12.43384788,11.75204,12.15482699,10.67931167,11.79155161,10.05775702,10.56270662,11.23424607,11.9609881,10.58039327,12.31867788,12.49080009,11.59710426,11.8180168,12.12989758,11.13018752,12.75516929,12.18237651
2045,12,10.19414637,11.75903552,12.48572669,11.80107404,12.20554162,10.72386988,11.84075051,10.09972186,10.60677831,11.28111968,12.01089396,10.62453875,12.37007615,12.54291652,11.64549186,11.86732613,12.18050819,11.17662696,12.80838878,12.23320608
2046,1,10.23810113,11.80973772,12.53956221,11.8519575,12.25816904,10.77010868,11.89180504,10.14326949,10.65251224,11.32976121,12.0626821,10.67034926,12.42341301,12.59699863,11.69570448,11.91849525,12.23302768,11.22481794,12.86361554,12.28595279
2046,2,10.28224541,11.86065853,12.59362985,11.90306035,12.31102338,10.81654686,11.9430797,10.18700488,10.69844337,11.37861248,12.11469355,10.7163573,12.47697984,12.65131392,11.7461336,11.96988499,12.28577362,11.27321672,12.91908042,12.33892693
2046,3,10.32228124,11.90684021,12.64266549,11.94940713,12.35895864,10.85866309,11.9895823,10.22666988,10.74009974,11.42291722,12.16186436,10.75808343,12.52556128,12.70057417,11.79186936,12.01649197,12.33361056,11.31711108,12.96938326,12.38697083
2046,4,10.36678849,11.9581797,12.69717769,12.00093016,12.41224756,10.90548309,12.04127856,10.27076487,10.78640853,11.47217015,12.21430346,10.80446975,12.57956856,12.75533605,11.84271312,12.06830425,12.38679019,11.3659078,13.02530419,12.44038054
2046,5,10.41004273,12.00807384,12.75015521,12.05100267,12.46403625,10.95098498,12.09151942,10.31361846,10.83141358,11.52003647,12.26526625,10.84955017,12.63205537,12.80855624,11.89212549,12.11865787,12.43847265,11.41333075,13.07965079,12.4922866
2046,6,10.45492839,12.05984983,12.80513088,12.10296376,12.51777824,10.99820305,12.14365521,10.35808836,10.87811609,11.56970816,12.31815119,10.89633087,12.68652182,12.86378372,11.94340154,12.17091067,12.49210442,11.46254235,13.13604716,12.5461504
2046,7,10.49855038,12.11016817,12.85855882,12.15346199,12.57000724,11.04409179,12.19432322,10.4013063,10.92350379,11.61798144,12.36954727,10.94179457,12.73945488,12.91745638,11.99323402,12.22169241,12.5442263,11.5103685,13.19085582,12.59849778
2046,8,10.54381766,12.16238437,12.9140019,12.20586486,12.62420615,11.09171132,12.24690227,10.44615429,10.97060336,11.66807545,12.42288184,10.98897301,12.79438441,12.97315342,12.04494602,12.27438947,12.59831405,11.5599985,13.24773168,12.65281954
2046,9,10.58928012,12.21482571,12.96968404,12.25849368,12.67863876,11.13953617,12.29970803,10.49119565,11.01790603,11.71838544,12.47644639,11.03635488,12.84955079,13.0290906,12.09688099,12.32731375,12.65263502,11.60984249,13.30485279,12.70737552
2046,10,10.63346268,12.26579067,13.02379857,12.30964084,12.73153893,11.18601461,12.35102716,10.53496896,11.06387698,11.76727907,12.52850293,11.08240281,12.90316407,13.08345299,12.14735384,12.37874806,12.70542669,11.65828323,13.36036576,12.76039559
2046,11,10.67931167,12.31867788,13.07995412,12.36271711,12.78643433,11.23424607,12.40428188,10.58039327,11.11158181,11.8180168,12.58252289,11.13018752,12.95879948,13.13986576,12.19973038,12.43212231,12.7602095,11.70855101,13.41797252,12.81541542
2046,12,10.72386988,12.37007615,13.13452874,12.41429914,12.83978427,11.28111968,12.45603733,10.62453875,11.15794362,11.86732613,12.63502203,11.17662696,13.01286859,13.19469035,12.25063236,12.48399392,12.81345002,11.7574036,13.47395747,12.86888627
